height, algo, pow_hash, timestamp, bits
1, skein, 01afa4ea7bc9f155f9496877c458693ede572a26aa2dfc3e4def57c262ffff44, 1545971570, 20023fff
2, skein, 013cc699c990992439871487896664798ff94b9f6123622ed9a6a62afa2ad153, 1545971578, 20013fff
3, cryptonight7v2, 0056491a7c0c17ec6985b48b9c3fdb4b9020ef62d539a98a29349bd43516668c, 1545971584, 20023fff
4, stribog, 000bcc8cc57306d915c0a3bd6f76c9263c784048480f3413e11c966ee9a782a7, 1545971593, 20023fff
5, stribog, 00e3254df746cf68b47f296c90cef132449327e79504c4fa57a09574edec296d, 1545971599, 20013fff
6, blake14lr, 00af600ae1956ddb721f292c10a0d8ba67fe05711a7446ffb3ea8c060b83750a, 1545971610, 20023fff
7, keccak, 0104d827b4acb998f862c9af315e0bffb76ac6aabb510d1fd2a634db614b6749, 1545971629, 20023fff
8, blake14lr, 0136c1c71ba11d1b220d833cdf73b79fd569c15c2672c66379e4d2f85c77d953, 1545971644, 20013fff
9, x11, 003fb3aa066ff15f644d8c9a5472d1dfbd04f335b52dc7c44ae594b27f099023, 1545971659, 20023fff
10, x11, 00289a3b3455ff6d6c430413f007d1aad0cbad8ddf2aff72b615c3623ec20fa7, 1545971660, 20013fff
11, stribog, 00262b6ab37d20ccf81b6597f0696a0cbfccb3ff37f17139b6b621d193b1e38b, 1545971689, 1f6aaa55
12, scrypt, 005e907135f917cd2edf76eee79080d59fd8552fa743bdacc502f0f4c6b1b5fc, 1545971704, 20023fff
13, lyra2rev2, 010ab259039a40a6d891a430dc9c3deb764104f4bb83dec5f6f8a2504c5adc3d, 1545971719, 20023fff
14, lyra2rev2, 00fb94dec446e166354a2edaf25086cbd642ceb63f93af279717fe7c10db16dc, 1545971727, 20013fff
15, keccak, 013c749af63d7c4f0017d835ec90dbd94624e5403aa78b82d96c368e613d6743, 1545971734, 20013fff
16, x11, 0055bec69790ede6928f0655c03b6b58a669f30cadabe02c74662ab90fb6f308, 1545971749, 1f7cf36b
17, sha256d, 01004eebd44fc3161cd7416e1a215f1478b9a845822cf6c2c8abb52a6e834d3b, 1545971764, 20023fff
18, skein, 00838c2015fec8ff9b416902eea84a3164137f30a0dcf1e5fb981850296b294c, 1545971779, 2000e8cc
19, cryptonight7v2, 00a511a7fa64a17d60ec57f3220f5d22567e4bb312ca97e2cfa5f3f0f4b4fd70, 1545971794, 20013fff
20, cryptonight7v2, 007e1f70e9fdf0aa382506902f88dcfb4b05f36335bd861f6684639fc5254d06, 1545971798, 200084bd
21, scrypt, 00f19e1f932be7918a6f00f70ca240db14d6216647f0e43c9a8316aff8ed6968, 1545971809, 20013fff
22, sha256d, 005c69f17c8e3d064f75fdc8d8afdf452c867e915c9d8bf77b26c800719cf947, 1545971824, 20013fff
23, lyra2rev2, 0044c064cf6a7c2aba1ca6b43ef775450c6d2be91f00d8647f2aa079bdfbd406, 1545971839, 20008103
24, cryptonight7v2, 000afc6a63645136cb9be62af6c83bb6cc2a32c86439571b15b004b3f26c87e1, 1545971869, 1f349501
25, keccak, 0010bb225426e20bbd5e3a508bf858476cabf093dee3a68488f702fc34370d92, 1545971884, 1f16c91a
26, cryptonight7v2, 00070970910f6ce0483b68d39437d1aecc844f48e0a56d56cbca769647c9fa0c, 1545972244, 1f09efe1
27, keccak, 00080c7c1e4e5fccd1924214b01bba1a2e8c6e7834eb0bc516e5bc3309cf7482, 1545972499, 1f08ee19
28, skein, 0009d1ab801cd8ebe261015832de04533380460c38ec75169b4c4903f0378f23, 1545972514, 1f0aa2cd
29, cryptonight7v2, 00083f428452e280b1aef4c6ebd16d787a8a1309bf1d71de8955343aaf9c01d7, 1545972574, 1f0c653d
30, lyra2rev2, 000bf499183dac3138c8a1e2e28069da02a9561e3b57127beae928a1e9226624, 1545972634, 1f0ed0c6
31, blake14lr, 000fdf227bba3cd488fef34833fcf89ceb5ce456c7abcdb14606b1a73af41c2f, 1545972680, 1f121e84
32, cryptonight7v2, 000df9ecdb3642209f0a0c404ee0f932836449a858fe094db6aed13a3dcc0eda, 1545972694, 1f1658d6
33, sha256d, 0004e42d8c7c1d0eeb26ee501025199e593f9379b92e960346bb7a65d70957b7, 1545972829, 1f1b0236
34, x11, 0015b617e393f260851c6ae49895a600d2e14b5452fbd772d585d81e860a3d81, 1545972874, 1f236bb3
35, skein, 0007f8cafc60d105d959e48854c5ee2ef10708666d84d172ffe3ffb44212ee7d, 1545972904, 1f2fc53d
36, x11, 000944e0c11c78fa25c83530d43b7282eee3c02763c54f8a2b60b3b5667363d0, 1545972919, 1f4e9192
37, cryptonight7v2, 004ec45952145da6658fe1c6f5ad352a71ec0d409e83da3080e7077d131d2599, 1545972934, 1f64f126
38, skein, 008a61c32b32b1d21986dc81203e3d94836739349894cca59121f5ae648acfe3, 1545972949, 20009bb0
39, x11, 006600bbcd8aa542ce7e651040274749b8cb335a2fb74c944a2caa7c84928343, 1545972964, 2000ee8c
40, blake14lr, 003bb8b32f917540ff6dfb2249333e2dd012b3f7f44f3363f31775d591b12dca, 1545972980, 2001f4ab
41, blake14lr, 00a664a44945e40d5a94bd571ce9bcdba45f7860d103b48275421309a2412133, 1545972983, 20023fff
42, sha256d, 011e062b2366dba687b58a8743fcd2feb384cdbb9804da377f48d0da66613670, 1545972994, 20023fff
43, sha256d, 004793bd5a2328e17f803cbd8a89e3e16ef4da0610314849c1334393d5c99605, 1545972996, 20023fff
44, lyra2rev2, 00f312237b0e5df44439e9ef695a2a2ef0c6681d6b0f77ee2bf4e6e974322c52, 1545973009, 20023fff
45, skein, 015774a3113a702b09e92a9576fa6e3d4802bd01abe0f561544b1e20ea2068f1, 1545973024, 20023fff
46, keccak, 005a3a76182b7da4c86d2f4116efba3c5d04a88177ed07052a35d6cab63ebaa3, 1545973039, 20023fff
47, stribog, 01ec44453164475cc4bfa97132388d6087b70faf1bbe70e43946661a6ae70763, 1545973054, 20023fff
48, stribog, 00bc7660ecd1067589955b0e6c308ebc27f4b1f9feb81f1f764cfb97b7f1b747, 1545973057, 20023fff
49, scrypt, 0230f0d1d2db359c77d1a6b7f409a437cbe67813f1a337650f5f19ff11075738, 1545973069, 20023fff
50, stribog, 01625a4f3ede1d1aaa0464e5b17356e48bb4f07a148b4ed28eab9d7add086b5d, 1545973084, 20023fff
51, stribog, 017626b13e5b97576a287c7309f81a9e5fc34e0e654ff7f8cff7c1a91f7a62fd, 1545973094, 20023fff
52, skein, 00089220bf869fd97f0a928efdd15a6ad99d777cd2e57499606b8d30e733dc58, 1545973100, 20023fff
53, scrypt, 00ee1e78dced403225c8aecc0621b57a565554d725fb63f8b5df4f5289b93ab5, 1545973114, 20023fff
54, scrypt, 01ff4e839bddffa89e452494a232c87fd4e43ec8ecd38a6324f8d8163763386f, 1545973117, 20023fff
55, lyra2rev2, 01e767a27ea6da30f713946a890516e3aae6d03bf70ada575555cff65afa39cb, 1545973130, 20023fff
56, skein, 018aa972f1394fb0276b15574f932ce4ac961b0ee74a659e680edb150f14b934, 1545973144, 20022aa9
57, x11, 0185fc65848a9c0463f378756890688126d1654c309a2217b339c1e33f9ab8b1, 1545973155, 2002111c
58, x11, 001179eed771dd0dedab20a2e6bdbd78c888a90dcc2afbe6e14c340b58141d61, 1545973157, 2001f330
59, x11, 0182de3664b4e32991dc0554a3d9d80a7e4a4cea03c42083c59622acbe197d88, 1545973159, 2001cf47
60, skein, 00c8a1801a529c40e5fb04d5eb2aa21c558e097163982aa555b2964f2d87b2c5, 1545973174, 2001a712
61, skein, 0146e42a3c0b026ddcc0de1e345ad360f86f11f2646fe85807d01141e39cfbba, 1545973189, 20017f64
62, lyra2rev2, 00d02edef8cd7881c37c1e79078a227584aa6397c3c2cc18b6a6e0341dc04ba1, 1545973204, 200158d6
63, stribog, 00c03408fa35ddb13c4a5ab21b1aa3a34bb5f554d4ca86d13b7d91545faeabad, 1545973219, 200133e7
64, stribog, 00382150dae0389e88125090086475f9350e3020f260e41420ffb6e4ffb709a9, 1545973224, 200110f9
65, stribog, 0059cb17cbcfec06e3cbed39813b23dcdc96c7d73a6cf9cc6744a199945711be, 1545973225, 2000eee3
66, stribog, 00cba97327aa9a4c04359f8e67dde45b478bab7538fdd42e78ad7c39d756ced9, 1545973234, 2000cdea
67, keccak, 00d27bed40b9f6d2a6ea64cbc5fc81164232993d967afa22ad63bf03ebbd3513, 1545973249, 2000dd44
68, blake14lr, 00d87c54368511b5ae15b19ec7b7a6bee60bde3e819bb1c5171220d0033884e6, 1545973264, 2000fe4b
69, blake14lr, 007672af7b80e1a7928d5c3fe9dd8692b0bdc96770b940df33c13c5494a13783, 1545973269, 200108a7
70, sha256d, 00294cd0d651e01a16cac8685c032875c77955e60f51cb21e269b5f8b9938da4, 1545973279, 20010c16
71, skein, 00c8833cac97a082fa1de6d0d60a6cb050ea57b367c80cf06c7a05da6c1acf2b, 1545973294, 2000dd55
72, scrypt, 00f00345cf2a8ea97a4745b045ac60aba67af0ee1cc988a8f9054c4ca5dd58d7, 1545973324, 2000fd71
73, x11, 0094423f26c663cc2d0817113fde6440be1491a01fde8cd04d557151b8140acf, 1545973339, 2000d0b3
74, keccak, 0026f7890b6fd62708a39285993dc992377e33ddf07b9cc4616593d3bbb9c9b0, 1545973369, 2000d0e7
75, scrypt, 00a693db80c34f0fc78b1100320bf6b1c8bb0cb9a0057087806066ca610758b9, 1545973399, 2000d1d7
76, scrypt, 0071343982b503c7cdfab1eb5f1bcab6dde324ba18b5f28977ddf332ba0f7e4e, 1545973406, 2000ace1
77, stribog, 00039e0c2268a29b3336b2829b2fac6fa350ab3c2948d36cc8ba936f7cae092e, 1545973414, 20008d11
78, sha256d, 003fe12193859b5f955ce1892fcb985131e87549dcd6a541ab57ac40668a2c39, 1545973429, 1f72172e
79, keccak, 001a1d00d6efb06ce2d1e248d0609f0cb96a5ec1d478472ba12cf59625e7ab7c, 1545973444, 1f5bd0d3
80, sha256d, 0010709adb5f4ba09ff85c5231a7ee2eb1478fb18067b3a58b52d394f7ecf1a3, 1545973474, 1f4987f2
81, skein, 001554f9d583986b587a184b3a4bd0f21d6bf418955f621acf57e4301c2c5eac, 1545973534, 1f3b12b2
82, blake14lr, 0001f8ad511d9c649b977f0871aef48bd2ce90f632989c8365dbd75ce00cadb5, 1545973579, 1f305767
83, blake14lr, 00133e0eb7ab57dd16adc9eb9e8e66c98e9964b95d9236fef5e8fba78c4ee806, 1545973609, 1f27f759
84, cryptonight7v2, 00163457c68af9756f7e443792fca0ebb832e43fa2f8769ba2f87b01e18caf01, 1545973669, 1f21205f
85, stribog, 00051785e8399a3dad4e0e9ae14820b1f305a3ffad1989d5598e0477d6ee1488, 1545973699, 1f1becb6
86, scrypt, 00166be91772e3715fdefde928bdd6f2043d22f2f373b04775b440a59c197a03, 1545973714, 1f179786
87, x11, 00064c5a00c802f16b4f7d74ae6d22be17fc2ae5d96afb976c535e2024353c7d, 1545973864, 1f13d5ef
88, x11, 000bfa04f384cec8e6b4a7ba61dc65d5f0a7b84bbe12c56db0dbe1529e54e708, 1545973894, 1f11a307
89, stribog, 000b95396b98878da7887ea8aae56e0400fa1d25b81873caa7418e98d035b4f3, 1545973984, 1f0fb446
90, cryptonight7v2, 00086a094a5b8563d55baf8f1f27baf2de929a442e29136ed91fe6adb8b32387, 1545974119, 1f0e5c1d
91, lyra2rev2, 0003a4238059d4e0fac670aa7455959dda58da835b5d6d4bfd894be7a2c77765, 1545974794, 1f0db584
92, skein, 000e31f165f4fc4edffa56c0504ac2315c7e1efc6009ddd50dbd9058983edc89, 1545974809, 1f105e9f
93, skein, 0002174562a9d452123b4bdabc1c118790051e1b051cd5674ae5b03d0ecfa297, 1545974854, 1f1079ab
94, keccak, 0007597dbae5dd893fdd3008ff7439b4b40f53a420cf049d76ccb69b59cefbf3, 1545974929, 1f135221
95, scrypt, 000b16b615f05d44a8b27bb698e269b459aed08fe44930b1fd645e0976827033, 1545975034, 1f157cf2
96, stribog, 000e96743632de5dcf004a2c2c1e61dad7240a72a060fbfea821eec95f998328, 1545975094, 1f1a6530
97, blake14lr, 0006b23dac899660f5a669d0d59f084ff65d063e934bde690b8142aca8283cae, 1545975139, 1f1f0fea
98, blake14lr, 0032dedc8a52c03afc8797498cd39e752c6bcd00416b43fc9ed977f22c333c52, 1545975154, 1f334477
99, scrypt, 00029d4f3694e2bcf15bd6e7c6e8ed822f7cd0047ef6d34fcae67686fb567518, 1545975199, 1f502e14
100, x11, 003eff313397956cd1e974cc559381f7dbd3ff787406dc0b9995e2784ac36943, 1545975229, 1f62f870
101, sha256d, 000cd5d83d53d268da2b971fa8fc6e3f982beffd31b3dc1757dc2cf2ad044d3d, 1545975259, 1f71a6ab
102, stribog, 00566adb37c11bcc5635ece847d100e738497030abc320a1a72a4f3c961902e7, 1545975274, 1f795854
103, scrypt, 009ea6518fe235509cb2b734ea0f41fbf3892fa89938c7ee82008d4370398892, 1545975304, 2000c29d
104, scrypt, 002aed6af6a7b280de6691045892144991f4155076609163d71a34a2120e7bb9, 1545975307, 20012466
105, x11, 000402c9eb2c21cfc99250b8b1371aa0f6cc7c7bb35a11ea0848ff2a46e2e63c, 1545975319, 200168ba
106, skein, 014a5daba40770be52086fb25fba6907f11909e9f9345007385145fd2af39e79, 1545975334, 20017e1b
107, lyra2rev2, 003293c9d1a65dc848c48e416f7c44f04eb2e4cbc6ebd01bd354574cc3a97a87, 1545975349, 20023fff
108, stribog, 01e50934f7e879a9c806bf8a283d171b28f2d6fb5844ca3fcf98e7dcc0802e6f, 1545975364, 20023fff
109, sha256d, 019cdac987ebef19b43c2df32a8834bc86703dcfc3f1e00f348b209039cb3efb, 1545975371, 20023fff
110, scrypt, 015ff794b9ccafb77bea5491c0727866891f36f38829e3635a7808476640c458, 1545975379, 20023fff
111, scrypt, 0134641d23414c45ea0f7b3c9c08cbd9c8f0cd3f4b2bef834a5eb04aca81b54b, 1545975381, 20023fff
112, stribog, 0081f061ee50378c8b2d611716a44bc9b6706d8b3a4483cd59f2e169694f79c4, 1545975386, 20023fff
113, scrypt, 0148ec1682ccbb3bef33e581005a06811be26a8722c947c375f8a1882082b18f, 1545975393, 20023fff
114, scrypt, 00d1c073aa8eb044be7696fd243f5c77520f4098ab0e07f39ba1e5e0ca6b895b, 1545975395, 20023fff
115, scrypt, 01be4cff4e7e830288f1a64eb770f0352ad2f2d287bc34e8d5b91075fb648132, 1545975402, 20023fff
116, sha256d, 00fdb5937a674872cfbc50f5c234e39048388906e7e910caced4cbf498768c4b, 1545975409, 20023fff
117, lyra2rev2, 0033d1686c8668132c6776ffc4eed2ee975701d7ef622d11de89c1d4a1613f05, 1545975414, 20023fff
118, cryptonight7v2, 017fe30fd296eee4049003fa29ee1c3b08685fcc8f3a727b1173b3b2ef0fe321, 1545975424, 20023fff
119, scrypt, 02329c194c78e9bff709d380838d80361960d0ef8c8fbb08888fb7d47276e91f, 1545975429, 20023fff
120, x11, 02185d73da76360929ba1c5e8e86a930b0105221fc4008f51f3c154836584eaf, 1545975439, 20023fff
121, x11, 005eda9671269f48a0b95841515d55042456d1d2ae6e9c6126c6465fff3e000c, 1545975442, 20023fff
122, stribog, 0146e0f8e5babfe47508fc7d97761b0f10341cf7ee824b4ab3e5177486785cba, 1545975454, 20023fff
123, stribog, 0156164a47cb67baf94d913d85b28d837ad147963b60ff60cb07a5da6e9b4d5b, 1545975457, 20023fff
124, stribog, 01834339b6be2eaa1cfeade0f511a39eb07d413839f639faaeb3f3b482f6191c, 1545975460, 20023fff
125, stribog, 017cb8be3499ac9a265653126606b43c7e1cd1c11daf30f28602f9351f6ad2c3, 1545975468, 20023fff
126, stribog, 006709e61fb13361da46feabf14639d9dbf45cb6593adda20e7652d0163be296, 1545975470, 20023fff
127, stribog, 01205f7057454b469bd97bed2b1d940d440d7a06e082ad1f14cd7b64d8bae60c, 1545975484, 20023fff
128, scrypt, 01e5fd55eeabe01c0c688a2f62b364dd2f7e24c22d6df5f26ab36f9a1edb741a, 1545975499, 20023fff
129, lyra2rev2, 01a6f3880cf38e28fb355283bba73da4c8f5f5252f4720b743a31b8d71675ac7, 1545975503, 20023fff
130, stribog, 01c807b41cd328c9c0203647a98adcbc422d8011c5a60114c1353d09dd21f815, 1545975514, 20023fff
131, sha256d, 00f04c47eba2eae856df461ed556c8d638eaf6fa681f3df748c96f2291201b13, 1545975519, 20023fff
132, scrypt, 00d9330660a676012eb658cb38f42dd45cd365ad5303ddedf8ee90305bee972a, 1545975529, 20023fff
133, cryptonight7v2, 002d8c18f88890078ca776099b5bbd5814f2297c6b01fd072873a4980ddd96ea, 1545975544, 20023fff
134, blake14lr, 0230108ab851a7ce645e65d3511fc822ca384ebb0d2774d62f22b35b2587d4a3, 1545975547, 20023fff
135, blake14lr, 005ef17b78353e50cded82722ddb151f2dc32f377c0e2087371fc1a828af7856, 1545975550, 20023fff
136, blake14lr, 00cd033b5b221a14292a75c4aaf22d9f026f34c0ef614d2bb71a03cfa9945ab6, 1545975560, 20023fff
137, blake14lr, 0088ac7b98c0e253b2af45d13449913a9112418fef5c90d1e1f0590eedd22419, 1545975562, 20023fff
138, skein, 00d46b33b15e757d94101d02cd5327d2037e3729c552268f9da6352dd575ebce, 1545975574, 20023392
139, stribog, 012f294121f829a1239cc154f687b0afd3a52778bfc4939c22b16cd7cb6d8f39, 1545975589, 20022509
140, stribog, 0157f7a4387d61bcb2e9888e30a7bedb7e1e8ac01261412e54e87d3629c71948, 1545975593, 200214fd
141, cryptonight7v2, 009257eafcc7ca82557a5e739a92e2a8735fc2366a0fc06dd45212fdab8331fb, 1545975604, 20023fff
142, skein, 0152d4467d1c4ccaf4f56d76a0a873b86638c07e19fd8b897fd98bc27cf84bf3, 1545975619, 2002293b
143, skein, 008a537c442a072d3ed84a3e0745c1c780fc43826146ee0ab4839656dda0629d, 1545975620, 2002118e
144, x11, 00c6eb91462a3641c95784f3372b8300385bffd07b1ff518c560cf0c4841ba81, 1545975634, 2001f773
145, stribog, 014ca8910fabf2cb910d7dbfddbeed8f8bc0ea660abecad37ac47362cb6a1d19, 1545975649, 2001dced
146, stribog, 017729bc3b18607937d0ff09c83b41c7b44fd77f62e5314a9572ca889bc085dc, 1545975651, 2001c251
147, scrypt, 00c5adfd0274174c6b97a9c65787e7e393610582075587c02e63be39871437ab, 1545975655, 2001a678
148, cryptonight7v2, 016522547e2a8077b8938ce9ea2ee6146c198e780cb4813c0200916e34530092, 1545975679, 2001f168
149, lyra2rev2, 021ef0dbfd2ae3250c59cd6aa69d325984b1502849ec19ccf0d3586ddfd5bf77, 1545975689, 20023fff
150, sha256d, 013be9f23011fa1f5ad6a0122a5c1e7ce61df483fdfd4a1f7cd88ccc6705f2c8, 1545975694, 20023fff
151, x11, 01de68abf915c9426cca7b034c2375c81d1c28da90082804400eeb859cebeb97, 1545975709, 20021369
152, stribog, 004c248dca637774d524b45dfe505711e2589b13d57529d5d929790a8b116d5f, 1545975724, 2001e8c7
153, cryptonight7v2, 0103ea5e79fe030b3625c795d530a2cd7fd37f2f0f515fa5b4e5ad6c2d073b65, 1545975739, 200212b8
154, skein, 0159a94cd31c36380917ac0db946e9aa976ae007eda920b4832c58bf9b02fe42, 1545975754, 2001e536
155, keccak, 006000e1e266495eb70cf0398e5e04f372239af840b897252dd10d279a198210, 1545975760, 20023fff
156, x11, 01b0935bf395913cea2a8016600e2072eb3ec43e67d2b46f02943f11e74ee1a3, 1545975784, 20020a62
157, scrypt, 0097fcb2deaf30c4ae6ca53c835951e88dbed8608ec778e00c6b9bbe050ad1a3, 1545975799, 2001d967
158, scrypt, 010362350f56231b73eafbccba5a311b4db7495f88ea880e9e7a5e174fa2c653, 1545975814, 2001abc8
159, x11, 008f47d9aedba0f29875343ea52dbf313a1328ed5df400d5c92b33f18d1b4c10, 1545975829, 20018175
160, skein, 011e35033435bf72b299dfaafd13b5ee236f65929dae6ce8c09ac4bee8f8f851, 1545975844, 20015a57
161, keccak, 003c7675b3a9df9312617e78f89f79e156d5bb95a2caec3fe0c6f1a3a6ae592f, 1545975859, 20020356
162, x11, 016be064bb3e648792a436c0ed6aca6ed750f9cf783c0079426eb749dc304ce9, 1545975874, 2001cc79
163, keccak, 01b01e0d3e5aae89f105593c6231bfa075c3f2a00654658ef290b3941ce0493f, 1545975878, 20023fff
164, keccak, 01f1217d1a572793d4f4afd36c7fa0bb02e43f8198cf1df39f826693febe7619, 1545975881, 20023fff
165, keccak, 0181c404d10fd3417ac56958764f3580cda40304781b56ebfa5e25e4fa3c74e5, 1545975884, 20023fff
166, lyra2rev2, 00d2bf0a369b200e43de8d6d47e4be72f5295abe7092ea918d2a5d2f1a1882a6, 1545975889, 20023fff
167, lyra2rev2, 00a8d59a624d2e0b7bc5934c879edfa610303454a7aee876b2ed866d2b68a666, 1545975895, 20023fff
168, sha256d, 01a3b9ba08f7a8afcfffc4fcbe4a3d92934e86b30b7ee075bf3cee76df39ec21, 1545975904, 20023fff
169, sha256d, 00e7703510dd3fac9efc00ec7cd8d38aca0228fbc094650772d88b417433d31f, 1545975905, 20023fff
170, scrypt, 01cb7d960df1c60dee02dce621fa8fc9b17c70e35823c4f9c14bad0240888c4a, 1545975919, 2001ef6c
171, scrypt, 0069d4efc5dbde4375494786472b9393dc48f69991f488abdf85f075391478cc, 1545975925, 2001a8f7
172, scrypt, 0155c7eb3a548c70dc44b2690e704cd0d9434fd5d172ae3894fc1781952c05dd, 1545975932, 20016ae2
173, skein, 002d688382ac69eb87cd22ca2df60977c04f101ffcea13bd0e4779d28a13274c, 1545975934, 2001348e
174, skein, 00428af9473d11e6d597f60884ebe2cb67f0b64c5a3436b2de62b950d6de56bb, 1545975938, 200104f4
175, scrypt, 00792de4a6fa38d9cbee7045221d967dc47430e9ff8a8986f3d09fec1f5f0abc, 1545975964, 2000db9f
176, blake14lr, 008d3211fad74383ad9e2ccf885d090195df6f640c8d4fd89aa51d0e7c79afd7, 1545975975, 2000b8de
177, blake14lr, 007d49a797174c25dad00aed4ce91d8aebf19ea6fe6ded8af6d1c661dd1e3812, 1545975979, 20009b1c
178, blake14lr, 0022fd436c54917be4f30a9d4304693343257744c3bccd5fa823821ce5fa0fc9, 1545975982, 20008185
179, keccak, 0024d3dd2d97b7b321a00b73d24fc0ed7f3575a3bbb9943095f852ca159b778d, 1545975994, 200084fd
180, scrypt, 0060240189d58218450aa7957ab99973f4ccfec229bc3669ed19ea5282a64b8a, 1545976009, 1f6e2d12
181, blake14lr, 000879ea47b8fc87443602a1d04e390478d4e2adfb3ad54046776fe748140040, 1545976024, 1f5b1324
182, x11, 000e109ce292c561674c471cbd353c5f9ee90472cac7c976b5ac1c5e280fda50, 1545976039, 1f4b1eac
183, stribog, 000e06cc7300d7cc5b0b249c9e68d585e82ab0a42279a95aac090e757b39c559, 1545976069, 1f3dd33b
184, sha256d, 00156d0755846140665bf33ca809bda78a85a90d2d003d50cb1c554400b719ed, 1545976099, 1f32f185
185, keccak, 0022cc7ed393115598671e17930eabaae61c0ebaa75edf22aef611be4a0fc453, 1545976129, 1f2a06a8
186, scrypt, 001f1445e9f9bf5adfb85e8f12b9d26672ae136ba45628b1e6526326fae05bbd, 1545976234, 1f22b5a2
187, keccak, 00135572935c3c86f2e5525053337f3ee9a104c71ef4404a52dc590ff29d5301, 1545976294, 1f1d2b22
188, sha256d, 0002b46b913f6414c94f445a00b3913e4883bb3623479272bc22ab0e6a5d689b, 1545976459, 1f18b1a3
189, scrypt, 0003eed808a14e4b5016d36c795e8ddf224b9305e91313e79ec18a8c1e7b7dca, 1545976489, 1f15852d
190, cryptonight7v2, 000fc214f9d099719b7842a1c1561bfdfd9389627e67cde9814eb2d850ae56bb, 1545976684, 1f12c4e6
191, keccak, 0004668ed9af611307e7bd3769c134aeb1e41670ff9c3c9f0dbbef93c1fbbd90, 1545976714, 1f10edba
192, x11, 000cf5cfe39c853e81e0dec342956aea40462e338fd49e956e869a2ec3762007, 1545976804, 1f0f46ff
193, keccak, 000283daec1e9bbc0c164d6ddcee0db5eeea0e8461e39cf2466d304cb41de82d, 1545976864, 1f0f5dd8
194, blake14lr, 0009923745c50a9dc1183e6bed17dbdb8b3b91a2f34adf0bb627a9f65ee448ce, 1545976894, 1f0e1f95
195, lyra2rev2, 000307e77e08075f6930222c7f2f23b31658af6e4f5808a82b3aef9286f38b54, 1545976999, 1f0fbf83
196, scrypt, 000dbe3461d15f23032002ed4c42467efb94fae7034256860e779fff0d4ed67d, 1545977149, 1f0eb0aa
197, lyra2rev2, 00068b30db78a1cb22db15d13a1cd6b16a70eeee39b467e71bc9827c4aca2113, 1545977209, 1f12e21a
198, cryptonight7v2, 000a5d5a7bf51bcf510e64d26fbfcd391a94196eb7b09be11f40094ff7b2d254, 1545977254, 1f161dd1
199, x11, 0014b3f410e32c715c649b76375ce641ef1f221f3d286e5549d15b5a1a0923ad, 1545977269, 1f15454e
200, scrypt, 000de8ad042445c3edd188b8e09a2624ccffa5cfa74051921a456f7662e22528, 1545977389, 1f146860
201, cryptonight7v2, 0000eb2ecc53620a36d921a132ca1a82538f382212b8e1c45132ef74944c6a42, 1545977449, 1f19db01
202, keccak, 00130313affff7090ae2787c670987f95d97e7cdd864a95aee31997a21fdbada, 1545977494, 1f1b7997
203, sha256d, 0002abf8d17a28a311b65becdc9aa942dd526589306636c596a07e9fd0b73643, 1545977539, 1f1d3aba
204, lyra2rev2, 0016406e1797f724a0b543602270a1853868098362790aa983a49fe960eca72d, 1545977554, 1f274f1c
205, x11, 000db47356a087085d42f912dbbbaa3d971b613e007e8618bb640025d52e6acd, 1545977569, 1f269ff4
206, stribog, 00181044919cc4414ebb2fbdf164346d5ba3395389596f655c18069bab07debf, 1545977614, 1f25dc74
207, sha256d, 001eca85ffc482c1e45b405cbdcdbda1b40f47d73c78fbd142b79bdb1e7d8570, 1545977629, 1f2d4ac2
208, x11, 0022dd9a92bccc0aba72182ea418df35015fb34072130b38f76a8dcdf580c2eb, 1545977644, 1f2c67bd
209, keccak, 002e72e44f172965cd9a69877503ce78fa7fc0baca71da4fc07af02db448cae6, 1545977689, 1f30f765
210, keccak, 0034e0ad9cf056be124d233088ee67ad5319a0231236f585bb01124e9e99263c, 1545977719, 1f3620f4
211, skein, 00223f146eff41625bd268b907d9a4eb4e8907899bc11e0e2df8ca8b0064ad51, 1545977809, 1f351589
212, sha256d, 00018ac3de57152b475e6848d682825db9123c3278bbe7b9a9f4bfe0c07bc8d8, 1545977839, 1f40167d
213, x11, 003698a0d20fdfb5e480f637b95810d582c9e5efd572bc55583238148970b6e9, 1545977854, 1f3f7862
214, keccak, 001e3cbf12d28d32eecd2361758d6bb0c2d7a6ec9edc9910ad15ec458fdb7402, 1545977869, 1f4415ae
215, cryptonight7v2, 001a691e89098427cca584c48d96715b3f4d5309e8ab73a403bf414e2a15fc6b, 1545977914, 1f56508f
216, stribog, 00519e78e10485ea2ef30b55eb197fe2bdcac8f5e7882466f7d3454b9a6aa742, 1545977929, 1f554afa
217, skein, 004bf24a8f0285d15c2a68c041adbfb302610e27e30c15099c9a3220d15d3262, 1545977959, 1f5416ea
218, stribog, 003712b4092fb4a20ee457aeaaf347fa18260a6f15acb6349d559408dbbbc098, 1545977989, 1f52e89b
219, skein, 00223c98ae96a26b8ccd409b321d248c3c681cffc707a065e4601a8b40b9edf0, 1545978004, 1f51bfea
220, keccak, 003b9bc43d524723cfbba4206f8952b03a670dc5999d9f36605230d9ded13272, 1545978034, 1f54f1ae
221, blake14lr, 004002e7e325634eb21b06186d2ce959bd9148e2a6021ff2265aeaad5974eb4d, 1545978042, 1f5392d6
222, sha256d, 001adbda203861243acf91380237370b09dc435dac07f37be70f74263e397f58, 1545978109, 1f617e51
223, x11, 004fece9b0d2ac992a78277b05ab78af3505f5257a15c1db9c77ebfe5b03fc55, 1545978124, 1f6027c0
224, cryptonight7v2, 0061878afdfeaf74d79f511f05c9e7255eaf5ecbef3065dd84122b1ff2cf191e, 1545978154, 1f7aafc2
225, cryptonight7v2, 00180b940d7a9a4cd16c237a53e7ca8fcd40e4b58e64c35bc6b159eff634facb, 1545978184, 20009b44
226, lyra2rev2, 00b211e538de59b84a7d26080d18a84bfe05708f5469742bc132b71afc50a115, 1545978199, 2000ce95
227, lyra2rev2, 010768bbe76b0e5c3098b4b334bc9083c24eb84c9e007253fd8c6d70619dac6b, 1545978204, 20011b75
228, skein, 011353f5508c61883c14c58ec6f8be300ddaa7a628709c738583eaa676d2b8f2, 1545978214, 2001155a
229, skein, 000f62f781897c428aedf9104df0738865e7ee5220f6655a636854921b3c4016, 1545978218, 20010e97
230, keccak, 009561535c066fad3b7a0a58fcbc1c9fea1914794fc72270b2f731b120a5bf4b, 1545978229, 20011077
231, keccak, 00e046804e8360bdec9801967db2cbfcc3a2ae78cb972439c189d9feef02e3eb, 1545978234, 20010818
232, cryptonight7v2, 001818c36d751518411cbbc7124686f9fafa1661ad83de199f770116cbcd479f, 1545978244, 20013b54
233, skein, 00a5662c03e2558a4ae00aba43167cf8b81dcc70729f1fe1e9a32cdc0f89ba38, 1545978259, 20012fad
234, keccak, 00faa590806ac8ac8ebb024a9eb8c3f0068bf51f5fad33a40e57e4a9a2014b43, 1545978266, 200123da
235, keccak, 0042c4c66ba9fe998aaac1c35992c4a1c53473d692d3699e6aafddeb66d4f1e6, 1545978274, 20011793
236, stribog, 008a8587f2b55983d515c8a5d1929bca400be6a8f2afd3e6e31fe1c9e3aa6189, 1545978289, 20010afd
237, stribog, 008ceba7023b2001ee68a4aa14ab24c774b80522f35d2e20833ece1167edc5da, 1545978293, 2000fe73
238, stribog, 0034de73b7f260f7b130c034796c187f1ff8b850cd636e7d88eb8e8e08c259ad, 1545978304, 2000f19e
239, x11, 00043a83bc7d86682b44a73e837b7860278aaabb562c3f9bb40d38b0614f08cc, 1545978319, 2000e4d6
240, cryptonight7v2, 00a68c5e19370ac8ea01f24ba7ffbce06c1cf9e5e43d494238b870e8062a2101, 1545978334, 2001008d
241, blake14lr, 00a6785541a4751c1c9f1d8212ef788189e8e9221ff45dea5350c01f7c2319f1, 1545978349, 200116e6
242, keccak, 00f9691d80c41e29012890cd47db0035c16182b21cce71c6d6069da31e865a8a, 1545978364, 20010697
243, skein, 0050b9b75692eda1d4428fd8fee9e762c3a7f8d4c6b987cf209d96e50b0cfa0b, 1545978379, 2000f6c1
244, sha256d, 00b3e067ed7c8f2c8f8c07ebd6b6501be84ea88df1a4f7689388592f83767545, 1545978394, 2001106f
245, skein, 001f3bcc6d29f34c65b755e5c95dfe0aacce41fdb68bb5d770865825a6d5e1c3, 1545978409, 2000ff04
246, sha256d, 00de288574b7a3bf9c40e008704ba37e5595ef2c128d8bc14db33af9aff2a65e, 1545978418, 200116ec
247, blake14lr, 00bade63aae09fd4593045d9b4c64a96884924d506b13b046826cf485f81a3c4, 1545978424, 20013507
248, keccak, 007e58960f8f5eba81dd8e838e27edd761bb51b28b3db8cd8373d0d175ca2156, 1545978439, 20011f00
249, blake14lr, 00dd7d6e07cfbf3afc4f15a27814a901c4a40954f0214df2b81608e0ed787057, 1545978454, 200133d9
250, blake14lr, 013bfb908c78f323615871210fca2fa7eefd22a84908751051a5fa60937b9ebb, 1545978456, 20013d06
251, sha256d, 0006a33177d108ad2f09b95b6f1d0a6b8a92e061651801a33aa59bc2417be443, 1545978469, 20014ad4
252, blake14lr, 002fa6ae2dccc9ec204ce231214c865d930b54c5d5884f53b32fcb7a187f0a2d, 1545978484, 20013051
253, sha256d, 00fd55dcdca6892f39c76665ae2756ac4012ce5deae7ec8c63e8571fd00c5575, 1545978486, 2001306d
254, x11, 0102fece869548ed78f4afc6e21474a29816351558aebd471f37f327d6de5d39, 1545978499, 2001167e
255, x11, 00b5216db3d3592193662c2c40a269835390a19a593cf67a233c05620c79794e, 1545978502, 2000fe3d
256, x11, 009c64aea2965edde595555583008f73ee090aa651602f76adced55d961d7750, 1545978514, 2000e748
257, x11, 00628dfabd5a31704b88767f2e4c90020f8ae2f605e196053e902ef61adfb068, 1545978516, 2000d1ef
258, x11, 009f54d676c3e05ac6fa7e9f5278874efd76b4733ba94ef656770057d1064af8, 1545978529, 2000bdde
259, sha256d, 00a024aa7ad49d46bd5e859245aebf2619bef56227186b51150c9d0d209c9c62, 1545978574, 2000ab5f
260, scrypt, 00433f6e967f35746e9a649940d55b218c315b04f4571d6e18443d49c76998af, 1545978589, 20009b13
261, stribog, 004777e3f57bcb695e5d9d7960901a6a69fe439c7fddc1f0f8335def317ade30, 1545978604, 20008c15
262, x11, 0063b44af3f582d051195388cd8f15fc9e65245175deae9cde4fab13beac1385, 1545978619, 1f7e5344
263, lyra2rev2, 000418c9b836700ef1e7489e87d18b72c2c564a8ae2c7dc59c364ef09c5d8d92, 1545978634, 200099db
264, sha256d, 000f6f1fa88b22ef899fe8caa5e4549589bc32e4ee885e8f9686e3c2b64fb134, 1545978649, 20008a46
265, x11, 003f4fe8b38fc864b17db387b6bebd47e3d1421379763f25c3ebfe12a0ffdb64, 1545978664, 1f7c0f7f
266, stribog, 005a8e1c15663aa27be67cc51e8924ba7e95eb2052d444fcfac4ba4f48d15021, 1545978679, 1f6f1f34
267, sha256d, 00268dbf939ac26054aeee836aa248d0bc46e4db6e59a7e06dd496f04f6e36c1, 1545978694, 1f635de1
268, skein, 00428b5d06fbe60ffbbddf164485a2f9dded86c4b64b9ca13267168309548153, 1545978709, 1f58b534
269, blake14lr, 001436733ccfc8477ae531bc8c5cd0f5e13f00610bed0d139e3e32fa9a530e97, 1545978724, 1f4f0fd3
270, lyra2rev2, 002d114cfa8f8bc9797d6619397462d7db2eb79301c40361595010af527936e5, 1545978739, 1f5e991b
271, sha256d, 0037298052c94eb2d4e8585ba19ae260360ed28fdd9c1d71aa99bb07c59bf56a, 1545978754, 1f54094f
272, scrypt, 001fb740f702ed42a7430302b9515706b00f4c52efb9f8d6fa109027ac6a7fef, 1545978784, 1f4a8872
273, blake14lr, 001b91731c75722c333e26c8147b8c72c609e1a6129f6c0166708d3a36ffb498, 1545978814, 1f4222ab
274, cryptonight7v2, 0023a3072f955a99a1ded77e9a475601bb361c1f7b9780e28c9692cd23cef373, 1545978904, 1f434269
275, x11, 002444527de0b59cfc2601f51acba0f1547e2c952e79b7d2e1a162be22b65f38, 1545978934, 1f3c3ac8
276, x11, 001b42e6e6dfd3219a19df2773a849bb1392d0f49990d84d0d24f4ab4431b198, 1545978979, 1f35f520
277, scrypt, 0010d72a9328a4d6c859dd47e12380268e64439cc4cd6aa78d90334fd002fcad, 1545979039, 1f307505
278, skein, 000395607c632541d04bf6575b9f39a8dcee0e1d431d8fb50732b5e2ccb0c44b, 1545979054, 1f2bb5fc
279, skein, 0013098d2be5a9f72b85d7754b9db405d9e7ac45a952a99e8bcea5b270ba3bd5, 1545979064, 1f275db8
280, cryptonight7v2, 00104e097207a605472af9c1e5c757716dca66f0548571f64fcbe61c9e33a857, 1545979159, 1f295545
281, keccak, 000308e0e02d137be26965dde4f7afbb59ff027d9a2b1fb2e686f4a4f843f61e, 1545979234, 1f2579ef
282, skein, 00095f64407cc9b3eea845b347d5f52a3a160286f9c17db2cf0b7e9f5c388081, 1545979369, 1f223152
283, skein, 00074204c4b9003ea5538ad2a43f9da037d34bc9a2b1811987c4b7448295bf86, 1545979384, 1f1fa21e
284, sha256d, 001a7c08ab59833b435966554be58ace42e75a1e764144f7f3981274c862aebe, 1545979549, 1f1d37c0
285, scrypt, 000a64b9c8686cae59addb558a3e42ad4333d89070dd51f580577e0c47a2ceb4, 1545979639, 1f1b758e
286, cryptonight7v2, 0013e60d10dac9a753ce20c9441d7296fd16fc8367a73bbaf376f084d91c285c, 1545979699, 1f1e762b
287, x11, 00076b17a5d6774632e30e458c50649690014a57b9927bf4f9b42603d69d27ff, 1545979759, 1f1cf630
288, sha256d, 0000d8c026ae95d51e200ed396f9d65ad76d1d7cd9ec66763484f21e5bf57eb1, 1545979804, 1f1ba450
289, stribog, 000c757c96767b34ba2b1ce2d1cf8cb8737303267d3421e2bf8bee412e6e096f, 1545979864, 1f1a6f49
290, cryptonight7v2, 0007d1d06583f4cffb2344253019f80452c65aecd50db4ad073b756b03422735, 1545979879, 1f1e4d9f
291, stribog, 000428e0934a574e0216c7286018d7a6c66e3aeacbb6caefd45dc5d821b3812b, 1545979894, 1f1d0a9c
292, sha256d, 0007c2b69359a3b35565800fc1b8cf1f5996badf46c4e67eee80d3a513323a41, 1545979999, 1f1bc94c
293, keccak, 001a2bf6fd0c0378490b63b54de0324611d77f9ca2043d39973be464b643856d, 1545980044, 1f1ad409
294, sha256d, 0018f62e3e6f8e01319713c0073e89c193fbbc89c810ae456e30bf4ba6c6c05a, 1545980119, 1f19f3ce
295, cryptonight7v2, 000f5045ac34202c276d5dc1990d66bb0457979fb753fbef371f6e54707619bc, 1545980164, 1f1df38b
296, lyra2rev2, 000bb700b62acea0e9c7bf39ae051c982325166ab2ed6e57d93fc27c42fa6c2e, 1545980209, 1f26468f
297, keccak, 00132af24048451e132432978ea1bc748a9208e1bebd6c4da93411ab38f5aea5, 1545980239, 1f255cf1
298, scrypt, 0020b7534196b300d8ea0a7289955b5d56934a67fa6f81f99d936b981abc5a57, 1545980269, 1f2479aa
299, scrypt, 000c5e6a62c0ec889f283641597e6b72b227b4298d3a82670cd79826dac6b40c, 1545980359, 1f239c89
300, keccak, 001bdbac2ff746f538f5778400ec62ae994441d2ba2937382140a90f5b8543bc, 1545980419, 1f23028d
301, blake14lr, 000abc7b84150523b96a7d1a6a65df37993b3a3ee18b8d4127d7c292b19259e2, 1545980464, 1f2289a6
302, cryptonight7v2, 001a6c52a9d1a867b057a0c4f5613db992508fcff11db0fb112d23093797906d, 1545980554, 1f283592
303, blake14lr, 00226a84fe02f092c92f0ba7af2abc060459397cf1a172b750aa1a9281bdcd6c, 1545980599, 1f2d1246
304, skein, 001f48378c86cbe09048e31de9a0d180892ea5ba511befc72fac92f592328ff9, 1545980614, 1f2ceacb
305, skein, 0002e2894443151ecb4af0d32cbc33747ba0695ac984f1db8cd6e82c80a14186, 1545980617, 1f2cb09a
306, x11, 000715412113f3d8329063d2999296697aff60379be6aae04ae259f70a80846f, 1545980629, 1f2c5506
307, lyra2rev2, 0000e3d6c49027d502cd5331e62c0b70ed23b8ab883a8c0e35bae24c15c6cfa0, 1545980704, 1f3fa22a
308, scrypt, 0003dbcd7c5bc04379c5990c71ed7053a6fee32de6064efbc7b9345bd94c9a2b, 1545980719, 1f3f5089
309, x11, 00012949b2b1a8be172d84538f6c14146b909b99dd133abeb178a2485b29ac1e, 1545980779, 1f3ee52e
310, keccak, 000245d057bcd3f48fe1bf08e13682ec190bd13e7ddacd2d96545c0d05504948, 1545980809, 1f3eaf29
311, keccak, 001d80e184fd34103e7c99a297c91fa60dd75ad22b5a98b090c4225ed4cc356e, 1545980854, 1f3e797f
312, scrypt, 0003433b386da3420e53f01509a0e86083c04e10f3f1ee6f0ee327006e72beb6, 1545980899, 1f3e5dfa
313, cryptonight7v2, 00423e57aff6f9bca76c3871a75cdb73bc2585e731c31221f16711c4c52708d3, 1545980929, 1f49d8a1
314, x11, 00080d02d2d6dde325b2ed54744b7c16da541a633bbc03c5a48cc81df54a5683, 1545980959, 1f49d69b
315, sha256d, 000e33d7410ed2e76a1c81d1a13ed48296dc36da73754f10d6357c3a70dcbebf, 1545980974, 1f49d497
316, blake14lr, 0042de1e3183e9e54fe3099253bccb6e9a9031f28436b6366450b27abb7f869e, 1545980989, 1f5507bb
317, keccak, 000de7e6418d39e1c97d3f1da20b3c31fd852311967a961edad83234c08d73a1, 1545981004, 1f54c052
318, keccak, 001e58f29e6d1c2be5f8bc57686a76ad2fc1c1afa7eb954e1a538737c2089ff6, 1545981019, 1f54570a
319, stribog, 00316c7b28e5de4d746b2774f385dad47d0211cefc5a53acbc5d2d3c6f4be025, 1545981079, 1f53cc8c
320, stribog, 00107e5bd92993da52f8aebc3749d203b26d25def9871453f1d1e3613b9cf902, 1545981081, 1f5386d6
321, keccak, 001972b8216c2bed4aa9df879ed5cfeebc0a6568105e585c1008ec4a7cb9cdf7, 1545981094, 1f530302
322, cryptonight7v2, 0004ae88c286c551fda510ffc0df96fc87c4d1ded996629bbbe1a18354a5d659, 1545981124, 1f62262e
323, sha256d, 004799467c3f7eb28d1bf3d9393b8d47358bc5e0065d6b016ed752fd00e0a68d, 1545981229, 1f631151
324, x11, 0027353e92280383e6bdce4a79ef545fbbb800ea5e3a4ceb5fc8ffb15c414f28, 1545981274, 1f630eb0
325, stribog, 001fac9fc73c168b929d360e8b19405102f9181660c188b0a86a1ee813d1b6b8, 1545981289, 1f633353
326, skein, 004fe8aede698269927c75cac6e69377b191e24d12e3faaf24e5538d9218eff9, 1545981304, 1f6330b6
327, skein, 0006091a4f65dedf9728385f4f12d4e3e66361d220202bcec5e904fac381b4db, 1545981319, 1f63070a
328, x11, 002506684c3fb1b6701fefd37a94e994af0a9191885f4f610f1a778c95f6b9cc, 1545981334, 1f62b6ae
329, keccak, 000fd1f07ad4bf1900d1699bd4afe0f2c1596f854002bc82a386ef8e79cd0d23, 1545981364, 1f62402e
330, cryptonight7v2, 00062e0078603c3c36f6340e42b3163733bfcf65750997000660af1a8cdefb5b, 1545981379, 1f738d07
331, scrypt, 00035768e866cef4c50e1e3d5151704a5646ad1cd047dbcf620939d0f32f2363, 1545981409, 1f72d634
332, stribog, 00343a27f5e1991b991d5df5754a4fc411324beda94e15ab78064cfffcda3bf9, 1545981424, 1f722110
333, keccak, 00470efa81cc52efe1b38300f18f1c082b838b1fb188460e67d9d54dc76bbce7, 1545981499, 1f714172
334, skein, 002699a32dfa2e4237afaf26daf22d02cc768d34048aa6500b2f7f50611e2c76, 1545981514, 1f70e734
335, sha256d, 0042da23ddd09737c09f8d718c141a9e7bddc0871642d97353fc826de409a3aa, 1545981529, 1f73f1c2
336, sha256d, 0010bcfdddfacfde0371c013f43a50c7be40efa437748639685ab4d132044109, 1545981559, 1f7703eb
337, scrypt, 003966a877e911a9a4886050c89b544faadeba967c8517dca2d9c4ff110366ec, 1545981574, 1f764afd
338, x11, 006e618f44c96b3f4a2f3b2adb7385492381c3156736bf8723b3383a4af82193, 1545981589, 1f7566aa
339, blake14lr, 007d1f1ab5d8ad6676ff92761283ea9bfda7d2e5e59727dd70003bf4529eb0b4, 1545981604, 2000866f
340, sha256d, 0003ad6666794223dd1e1cf57ba4139cbee12c26d15e3797689cb8c210d074c9, 1545981634, 200086e3
341, cryptonight7v2, 004a899d95e7abefdf69a9b8af7f0fac850a87ec2e9652e09f44e8636e543b92, 1545981649, 20009c73
342, stribog, 003fb0dc57504138821e5619e85b5c41ab9650ef040056ecccb107dd8900f829, 1545981664, 20009a97
343, sha256d, 008ebc2b1ade3863a3daff501cb8abddeef8cd8752ee9442b2ef171325947277, 1545981679, 20009888
344, scrypt, 00215a17992e2afb77230363031c6e25e456b4599682bcbec8c6ffb7314a93a6, 1545981694, 20009649
345, lyra2rev2, 008375dcb27e778287fc3250fc5b6678ffaac463807622af285b15c9567159bc, 1545981724, 2000df1c
346, lyra2rev2, 0081ccf64e9363fa1aead5f8cdf2db1770c81f3a902f861e6f7a3e4580e84c67, 1545981732, 20015c72
347, keccak, 00ec9bfe0bddbe6681179b229f10c464fef5f8f4f068a64a10fe0578c3b789b8, 1545981739, 2001561d
348, stribog, 0122bc993947650c0263a859cffe02329ed4a4added22d934132406f126d76a3, 1545981754, 20014f28
349, scrypt, 004de23aaf4a5ac203a0f7d319e4ac2a8869afb21a8e0ee9d1958ca86fbef6fc, 1545981762, 200147e1
350, keccak, 009c80e830ef17584a911672acc39d3de53b4d6b571146c7a018e501ec655f1a, 1545981769, 20014017
351, cryptonight7v2, 00ea100ac87f20aeac7a1c12be79b319e84dea830b4e053d54c77a759f38865a, 1545981780, 20016ba2
352, cryptonight7v2, 0035a277cac4dd2c69fde3452318138815a03ca7792b418a0a2498dbc856600a, 1545981782, 20019667
353, blake14lr, 01b781f0214c555bd0f3e1386a7587a5aeb3eeedd037edb3218d0f38933a6145, 1545981784, 2001d320
354, stribog, 0197fb25958b415177dc12338b8af7b5202ef54f177501fd25265285077abb6f, 1545981799, 2001c3d1
355, stribog, 005bd8c61a6bfea10f55c8d1e4d7d985cfc15803023fd4d4e8540f3967ac5793, 1545981800, 2001b46a
356, scrypt, 0129988c2d06b449576764bde163f3370aca0270d3a7d6e3d7069ca50ecd0c99, 1545981814, 2001a463
357, lyra2rev2, 00632c172836d625931898d6247cb4bd0b0f2b1dc86a16569b37eb34b5cb0b1f, 1545981829, 20023fff
358, scrypt, 021a19b0f6a4e50bc1410aa99b472f6bd48bf9e1536f49dc584720da396df9b0, 1545981844, 2002294a
359, scrypt, 00380c495060c431e443ada0cd34ec8199b2a5088a9b1a4f7102d42750149894, 1545981846, 200212c3
360, keccak, 00e7a8a5e0673d5375e2b603b4ce110917ebba65e731a8b89d51750f4d34e9e6, 1545981856, 2001fbd4
361, lyra2rev2, 01c8636d904d3394cdbb20c1c2a4f7e3be58a94ed390f43ece2b9cd4e3e6e3e9, 1545981859, 20023fff
362, keccak, 00a6285018b3341d8956195cd1cdf39d87a95fe44c5c9aa80af94281ea7cac67, 1545981865, 200224be
363, stribog, 018318de9a4f50b6af5ca53394d12cdd192f308b6e76c501e375fb6f46604e02, 1545981867, 200209a2
364, scrypt, 00b27e1bcefbb1071f3637a4f3eb8c14cad34d272bdb9b34f3d68556dfc91e74, 1545981875, 2001ee97
365, skein, 01c99cab43c107217191437d458e2c8e390b0d8a8b509d5e2fe4c0c60d33940a, 1545981889, 2001d405
366, keccak, 018517926367ae586472dc0617f11bcfc450e66ab1581f2aee1641fc3ccab7cb, 1545981904, 2001ba42
367, skein, 00439d8fdac1df1e5a70229eb740cb8aaf9e50329b34717222334c8ac1837c93, 1545981911, 2001a160
368, sha256d, 00b455399e2002e01e484ffb6b6f7114c6ae32a6536a434c782b32c32f2776f6, 1545981919, 20018915
369, blake14lr, 00254cc3977fda5e48f8ada5bc6220d567f2f9613034298fea7176aee72e0a68, 1545981925, 2001b491
370, stribog, 013bf15ec429f8193f5b00489b40163acb6becb5c475339a624ec5b79a77c4e2, 1545981934, 2001997a
371, scrypt, 0173d199e3303f69b3b333119bdbeea6b02263db88eae191e95fc2462f18da1f, 1545981949, 20017f5c
372, keccak, 00e491f424d3ed73710be84512e007b15b31e9bb435ff6b2518a943090c500c0, 1545981964, 20016675
373, keccak, 0106db4a5ddd1a413c5e8ce535525d22cf0a9d1cf353fc5cda4623276599e88c, 1545981979, 20014ec0
374, x11, 007580bf15bfcdbba7961c3fcf3c464aba0bc58a64ac4510a1eeaa7a98f7e2bd, 1545981984, 20013839
375, sha256d, 0025625193862ab029a29c08d344b47467f25da788b8a82ec9e4a20c16f227c9, 1545981994, 20012292
376, skein, 00d3743ad2b2c8b7929c909910d1e13fbf95b96822392a428b97c91a1ba0efa8, 1545982009, 20010df4
377, skein, 00ea4d900ad29c76b8f295b27e19ca26163e0e93e82fcba269234e9ad049d24e, 1545982011, 2000fa7e
378, x11, 00d4236e62201c27798264e699c3194bbd6fe6288e0d8ce7f430dc2120b05e45, 1545982024, 2000e7dc
379, x11, 004f48831234ac87f61cf5e6d94aa61a49cf5554e31334c1f3fa7711dc28c313, 1545982033, 2000d64f
380, cryptonight7v2, 008cc61d79e709089c897ad37f8f1e3d3813a510a948e0a9007ec0111f5c270f, 1545982054, 2000dd47
381, sha256d, 002cdb46599b75aca44efa6d2df2979bef92b6dc82a9d9c455a0ff31555de2ec, 1545982070, 2000cc08
382, x11, 0047759c219bcb7da4cda957e31d4b98d8c3a31ed3345d0fbe08f651a8056880, 1545982099, 2000bbec
383, keccak, 0054f64a900ae13571e52bddf61391cfe9dca07d23dacf8653f9ad0cedbc13c2, 1545982114, 2000ad1b
384, keccak, 00947d8f4ce90edfd51726dedff77d37630e332de30c644818ceeef9123e2fe2, 1545982129, 20009f44
385, keccak, 008f46533e77143e3e698a94ecf3ec0d87832d0d3ce5ccb33a73a584cb0f7dad, 1545982174, 2000925c
386, x11, 007452f8ae94149de31c628b3710a96e5b2322063d4ac60a63d992bf091ac2ab, 1545982204, 200086b8
387, sha256d, 001defc4855602407f113fd9e4c250d740658421f3b257051ed40157e5643b0e, 1545982234, 1f7c08d9
388, keccak, 004d2329affe9f08ca8c6535519cce4886fc7e7b55c5bc9292f00ced89972c57, 1545982279, 1f723923
389, stribog, 005585731474fb62ca42be2b6df082534f28a9fcc09c7fb6aa93a6e5053b5da5, 1545982324, 1f695bdd
390, stribog, 004f1584f2b13118a8996a59a0390312578920846c656142f312bfaf3105b0d4, 1545982327, 1f6156d9
391, lyra2rev2, 0073ebb1ba38c0b888d14a4b6cbb85ff5c0bda49282d02f3e9708a462b88d61f, 1545982340, 200082c3
392, keccak, 00175500bae05e20ba7333e7202b9a3732c01212c3137414b3a420deed2d28ee, 1545982354, 1f785e2a
393, scrypt, 00575b5a55bebe157fc1c1ab206edf1c6a79787d595dcde6c2bcfa08d18481a9, 1545982369, 1f6ea910
394, lyra2rev2, 0050a6523eaf3f800b6b63cad163537b619bfa984fa06eecec867daa80bcf78c, 1545982385, 200093bd
395, stribog, 0061fcd8b262cbbb8c072d5012002fc55b8b50304ddf857543350992cd09f5b6, 1545982414, 20008785
396, keccak, 00141e11497c200312ef53f9cfebd30d944a28c25c7d48c4f0a6c2f5d5ebf4a7, 1545982444, 1f7c5455
397, lyra2rev2, 00235f76a7a647b0ad96cac7d82423e7b9147bec6a2986a1218a5c5278dd1c4a, 1545982459, 2000a23d
398, skein, 002242e8c1b8ed388e70797ed8d77d618efdc30523dedb7457b42e4370abc50c, 1545982504, 200094b4
399, stribog, 00418e6934bf22d5db7a918296e337d44e43fe68ec07d15fa8a9cc1ca314bf8a, 1545982519, 20008884
400, x11, 004d1da41b443031e77c1eeb1576b909277b4239681f38cfc0074e14c63e785e, 1545982549, 1f7d2f5f
401, stribog, 006f6234b2521197b70535e40c817a2de3a2480dbfbcc2d5d5b0e2c4c1074813, 1545982579, 1f72d228
402, keccak, 00668400739667472dd900cffae7ca1a95c9a16d498173106f037d93e2e749e4, 1545982594, 1f6956b0
403, sha256d, 002233c64a90d0c82a8f5c07d9e4e528ae0bcb03d3899d92569fe063fc83bfdd, 1545982609, 1f60879e
404, keccak, 0020de1c7141f16d1e3afadf92eeab508f6d9f5095e115cbd93bd3535b848a1f, 1545982624, 1f585b87
405, sha256d, 000e876d997eb902c026b7fad46d10775f8a05e0f57668711edc8aba8927bcab, 1545982654, 1f50c93e
406, stribog, 00452991e25759ca63acbb30b4ba36dfffd9a2974ba04b3f182b554a077b4861, 1545982699, 1f49e170
407, sha256d, 00357c687d7be50a7ff71fca3f083f5faef5194ba78f5d26a013f40e668f822c, 1545982714, 1f43ac16
408, skein, 000dd0e6580375c423cf07354212e7c1b0f82d2f85076efdf96396a0983864c5, 1545982729, 1f3dea8b
409, skein, 00152ad14963efdf43fa43dc848562dd7c3bbb6b74e7e81a37272f54302aefad, 1545982731, 1f38962d
410, sha256d, 0032a0dd95ca9f9f00ea0998805e1c93ce00b79fe36d84e0152b9ff864b61e08, 1545982744, 1f33992a
411, x11, 0010051574c3d57f59a04a69954114b37f2bf12b46a176033f278620239ee6be, 1545982774, 1f2efd46
412, cryptonight7v2, 00226374316887cc13546722e7cbd8edb55477c80fe0dff0f0eec5f0f6b264c9, 1545982789, 1f2f7406
413, cryptonight7v2, 00258cda415f9a953aba0eebbdf5c7ed3d61fc859220a034f6ba988b7a052ed0, 1545982804, 1f314cd3
414, sha256d, 00244d69c7c5ecf81e18acc5eab05588c29ab87dedb2f4d2cd18a84e58a01820, 1545982834, 1f2ccf10
415, x11, 000c0706acf5b1235971495d059e55a0b8cbe78d4b7c7e1e046aa8ec57b34eb4, 1545982879, 1f28bc93
416, cryptonight7v2, 0011fa214d18935c9bee8a28c67a9dcca5a65dc2746d7d85c3d4b15da141e1e9, 1545982909, 1f29edd0
417, skein, 001dcbf68a121ef470dba6e9439431a14f08a712aa88ab9316895f381603d50c, 1545982924, 1f262ff5
418, keccak, 001853a704903d49d8be59477ae44d8381c8b2d901d25e87993ba3fb4b648f85, 1545982939, 1f22bded
419, stribog, 0010315c819f976b15474f66c870a45f71727614c5e669a51fd15498952065c5, 1545982969, 1f1f92bc
420, blake14lr, 00122d753623e6475fbdc922f87bc90bdde7037372e51435dba158d77dc93745, 1545982999, 1f215d84
421, x11, 0013a35f0670e488995ca877728e9ad4216bb3f925344bfaae86b14321a5a8ec, 1545983014, 1f1e5630
422, sha256d, 0003243ef353b4d5058ff465395eda66142814e82f8e1989de6064fee99a9f25, 1545983029, 1f1b8dab
423, lyra2rev2, 000d1f85d4743eccc63f81289029532b0c426df3b502d7557268c4592a773770, 1545983269, 1f22872f
424, lyra2rev2, 0023d9720c34e76f97207cfc4c4416a57a6f1d0da0287389e099e07404fd9ba4, 1545983284, 1f2d1339
425, x11, 0020129149ea7602d55fe1f48d716b214a92232d885b145a886c6b3957bb98b2, 1545983314, 1f299bba
426, stribog, 000bb1e11171f2c9fe3c9333be896fe64e50a4b3946585ad056efe43ffabd900, 1545983359, 1f266a6c
427, cryptonight7v2, 001db89f5f45a2b81707735032b9de11c262930dd711459171bc568a3c7439de, 1545983464, 1f27601c
428, keccak, 0010f60b85159819b8fb2f32fa4e28dd91241686568f1b5bccaca961ff98c019, 1545983524, 1f24a548
429, cryptonight7v2, 0006f1ae6353b4ec29401fb793de75c210301c21e7a0492c5b0138d9d3807ba8, 1545983554, 1f266061
430, keccak, 00201e4df5f0b8168bf8def4bac1f2c2207ea70eb4a44a08da802e072c1ddb53, 1545983599, 1f23d16b
431, stribog, 0005542a74add9ba385772445706f99bca2636441811df4c45302c13fc919491, 1545983689, 1f217a3c
432, sha256d, 0019c6c31c3bfe16ad0f90ecb703196bf71af69f9b65d1f5f9211c62a5ad85da, 1545983764, 1f1f735e
433, sha256d, 000d4a620213baea2f10fb51f0f99ecfd59e9fac5fe4d570c9af01dacde6fa7e, 1545983794, 1f1da911
434, sha256d, 001befa72462a7a0c4fe3927178c237051b7151b89ffc79054e29be847b09d37, 1545983929, 1f1bf9da
435, sha256d, 000a03d5aabe30dbc9572c8a39bf980f6711f7ea2b482a7422873b53ea10ebab, 1545984034, 1f1a9df5
436, keccak, 00108176ba9393022f13786ff07d53a2dd0a213e23cd1a23390801a6ab3ee203, 1545984094, 1f197afa
437, scrypt, 0013657102910df02480a6721fc69af9d3cd1f3ff5913455a4167c16e3dc6405, 1545984154, 1f18740e
438, blake14lr, 001ac37f7f034a8d76a24a355afb370b1b81e9c799374cd836893ec7dc26d2b3, 1545984169, 1f1cb5ce
439, x11, 000b3e9bfe8f0696136cf2b1264767100d98dc972d6d4fef374d31bd29cfa800, 1545984214, 1f1b9753
440, skein, 0005a41dc7dd4e3e5130c24a11a13957e29bc74646f95d8db0703e0efa0d97ff, 1545984229, 1f1a8cb3
441, keccak, 000f3530f5f6d7fb65837ea207208c01dab4d90b5efacbc0a4231b04503661d0, 1545984244, 1f1984fc
442, keccak, 00115e30b76fbc5dbcade2c4694fe8018a114b1653d3f32c10fb21c6c587f175, 1545984319, 1f1880a7
443, stribog, 00048944984052aa79b2d90dea367b92c496cb74f5547293489fa316ca34a8e7, 1545984334, 1f179c99
444, x11, 000ef1ea4829fa63cc4b43a5d68f85540034508277c0c695c5b2a3f9fd5be4b2, 1545984394, 1f16ba7e
445, keccak, 000da96fd57b5899378b67d42ca54070a0ae59a8050b991169804f6b87512f12, 1545984409, 1f15ee79
446, lyra2rev2, 00159deeb2266247ee39c54a5ad3fe31cb4891474372a7628aaf1f1cd03dfe55, 1545984499, 1f1d6fd7
447, x11, 0011280c35d06aa70b5db01ca2f73483ad401858637618084501fbdacbfe4da6, 1545984529, 1f1c8231
448, x11, 000d01c8b0be83b13a36bce9fe358c48103015632a58cba7880dd2c61054747f, 1545984544, 1f1b9c8e
449, cryptonight7v2, 001b094b9fff652abc6a9c55d9222233f46f2dda18f503d7ce2233b2160e8826, 1545984634, 1f1dbcee
450, x11, 000dc3495e06e296b313962479844a8ec1fc5e89bf3634639283922f6394c575, 1545984739, 1f1ce7f2
451, scrypt, 000ee4c3cf836bdcb076fa9c6feb6e6550334a54b8720e13d1ad687d7b3bd8b4, 1545984784, 1f1c4296
452, skein, 000651f10efb0d0368cf6474dd4fee4f677955e898d95b790b06f345055dc104, 1545984814, 1f1ba951
453, lyra2rev2, 00129599377cd6fb918049059a279e9992c4d6480d1336318794faef2a51eacc, 1545984829, 1f276828
454, stribog, 001c013c3a90466d1f62e980a1ab80eb8ccaffd9364a5cb038082c45b1c83225, 1545984889, 1f268839
455, sha256d, 0003ed578c533ad4b07cca1a6545e2b3893f383e902151f1c1e16daa45e9f209, 1545984934, 1f25c384
456, keccak, 0007b94bd0cb74d45c14c941d9529b11c6f12700783037b273b5098c2c27e71e, 1545984964, 1f250dce
457, keccak, 0023dcad160b0d00ac22dd950e16795e5b5a199bf7d00adf10d36ba1fb8ba76e, 1545984994, 1f245be7
458, keccak, 0005654a962647f33cc7f0f95d50b71494faa6c8198f4da8af1b8e04e15987fc, 1545984996, 1f23adb8
459, sha256d, 000d15a28fb0179830bc060fbcb81d7a404a3b434ee5a0785413c34d5fe57149, 1545985009, 1f22f083
460, cryptonight7v2, 001db33c3b78474da9a251866b15eeb962c179dbac67caf99db46da680c608a3, 1545985054, 1f27b1ee
461, sha256d, 00235d0de44c02f092b203df3cb6bf9973280d49b7f960f327e4788a755fd122, 1545985084, 1f26dede
462, scrypt, 000e148160a3260e975eea517a04d824c841daeef54398083b92f53d14a5cc24, 1545985099, 1f2610a3
463, x11, 000d33c42059920d6ff598378e3f189d8062dfc57de2d2b6c2a894921aeaaa29, 1545985129, 1f253c8d
464, sha256d, 0016d74acb7dd37e56e8d9c0064c599a88f53963f5c77ebc6ea8a08f2c1a2616, 1545985144, 1f246d87
465, stribog, 000956bdce50b58e96c71aef6b02098fe8f215bb988a96688e3a685eeaf9fd03, 1545985249, 1f23995e
466, skein, 0000fac637a7949dbe221d323618c532c4e0a581aeba1411a99924543577a0cd, 1545985264, 1f22fb95
467, keccak, 0006f72c8d2228c13a13752a026c70c2abb61f1abe8e8161c3412119292649f1, 1545985294, 1f22573c
468, sha256d, 000dab68ac4df616c7d422cd8f4200ea3dac5bc0564dd6e5d5642ac4b264d651, 1545985354, 1f21b640
469, cryptonight7v2, 000c1cb9380d0a3676c3f75d13551e86d5b61be6e1e423ef0b7369c8a674d520, 1545985384, 1f275336
470, blake14lr, 001d7cdb1385f4c50ad16b675df1537b6a64fb65a82997cab60d3d05bc3edcf3, 1545985459, 1f3295d0
471, keccak, 0026f673ea9e594b8d47dada5fb283e677fd5241baedbdb22e614b3a4e7df082, 1545985474, 1f31ef39
472, blake14lr, 000ddec3c86b1b6baf74e01bcc19b5ff9e8996deeb53813d4c77dafb15149547, 1545985489, 1f4500b6
473, sha256d, 003bccb07d932985f8291ecd0ecd8c7eb3c22a39775410f22c332de22ebc2e6a, 1545985504, 1f43f8ed
474, blake14lr, 00178f1bdb022cb6e26ee4480bde338318008bcda3517278d51aac064e99fafa, 1545985520, 1f5d81f7
475, blake14lr, 0008568e0b1df5cea845b2553c02739c1538b8d5a7113373cab6aab4f596fa73, 1545985524, 1f7d6266
476, x11, 00752046a68920d2af6664de6933e4d103ea3570630f27f1b9ce55e993fdc001, 1545985534, 1f7b09f6
477, lyra2rev2, 005db4ab1ce942723f209fb9b9e72f0136b7d3e25ea334d0b06e4e0c30eb94c8, 1545985549, 2000b1a2
478, cryptonight7v2, 003eea5b9eb4e5a1825144a9ba708a6fb56569c7e4e2a01bb991a24401980fe0, 1545985564, 2000cea7
479, sha256d, 00c0f09801fd54c32862f6bd66e4bfebda24d4b5fcb07fb9debfee68021337d5, 1545985579, 2000ca16
480, skein, 00bc05af9c5f6218b4e56d425253b729db0fa3210fe996ccf07cc4a2d20472b5, 1545985594, 2000c56b
481, skein, 0064cf099c43e04d86c4a4c5935ad30a48f02e6fa89adcb48a6eee7a9219077c, 1545985595, 2000c0aa
482, keccak, 00120687830110eefee649adc705fe346c12641d1135dd88452906cdc83562fc, 1545985602, 2000bba5
483, x11, 0044236ac6dc1944aad2fb534709c4e6a97202941e6e81568e4491c8c5664397, 1545985609, 2000b678
484, skein, 004bfb2cbc5f8e6e1fc2aa694bb3f75ecfaa75076287fd0a45cb1f5dd0ec9ad3, 1545985624, 2000b127
485, scrypt, 008808643574ab70921fa8226134bb3ac3447236f6c82c399e8bb34ac22d019b, 1545985639, 2000abd2
486, keccak, 008717ded7fff27b3f9b8a805c472cb0833dac3f61fed9c925ee83c861ebcd69, 1545985648, 2000a67b
487, sha256d, 002cb60583ba7d450918f3afb5b84a53b6e52712be7c11231a9a242c2e945d2d, 1545985654, 2000a114
488, scrypt, 001d5f2293d579a48c82114b0acb5512191654b6b743da31d272885ff0f5cc15, 1545985669, 20009b99
489, blake14lr, 0096159b3685956f5700adf7ec96a5f633e488ebaa9cd869f091cb03eb06fcb9, 1545985684, 2000c7ad
490, cryptonight7v2, 00bed265d06cdfceebfb4122189c931ffcd01f7cd76dfd61a27b6548d4ce314f, 1545985693, 2000e317
491, keccak, 00be2dc0470ff71b71df562a36e56e34f06d198ad536a881cd4dfca642335508, 1545985699, 2000da9f
492, keccak, 00b26a69a75881eb6f18c314c76620dd7d67e677baf0ff62e2f2f4aef3356923, 1545985703, 2000d221
493, keccak, 0083b4dc9b1098fe0ea5bfa61c76fb1938490851b7cb92950f1726af6d54c001, 1545985729, 2000c99c
494, x11, 002c707cdecf352f72560212ffd9b7c46aa219fbd795ca4a024ce66c883070b9, 1545985759, 2000c166
495, blake14lr, 004f28e0d018fc697d9a3e3b6ede132046c31ddf8554e32761eb1f3e10e29f17, 1545985790, 2000f29d
496, stribog, 001903619792640b2d3f6bb262594f7116a3bd3270be1f88f671356a314b13f6, 1545985804, 2000e8ca
497, sha256d, 003c916723d0a424fd406acaeca0ec83acb394375c44a96d07e1fb519d4257ad, 1545985834, 2000df21
498, sha256d, 00d4ef22037badb64f420dc261fc5653091ca4b8e791deefabc96f47c9cc5a21, 1545985838, 2000d5e4
499, x11, 0004da31396f67f5056a183697be0b4d72e2c9da16fed01c1cc1de11adfcff07, 1545985849, 2000ccae
500, scrypt, 0053baf5847b9ab4354b46059a514a26d8042248200abaf2be1d38b0df437e6f, 1545985894, 2000c39f
501, sha256d, 00aabf51e8a509b269cc55fafddb6aec09e2020137e96e28e1bd822e7ab8bb33, 1545985909, 2000bb2d
502, blake14lr, 00bbcf7d5a60f358d1b1d9cb3f2e9154143041b9816fbcdfde72c3596d5e3cfb, 1545985924, 2000e62b
503, skein, 0045d3c8fd6e8c76d78e204f9d14be68191cf3cebde1f08eab942004ad48624d, 1545985936, 2000dbd0
504, keccak, 00c88e8c66d353a96bfba19336ea1537f433a63329d7d4003cfa4f197347d68a, 1545985940, 2000d1ae
505, skein, 005db89b96173636f04413656eb1c3fb9e6fe587e578d87039958a523c2cda66, 1545985954, 2000c7ac
506, scrypt, 0051964f40fa5a962dc4b0b350a7557954efb38764c95f0de1d52ced8ad225e2, 1545985969, 2000bdf3
507, keccak, 000c506a6217c76c46456128d66d99fdf938813a6d5f1b59889aa9ed3b9ae904, 1545985984, 2000b488
508, skein, 008fc2b7cafdca3273a8b3c6b0cd049689248d0f764555450e354de50e54b216, 1545985999, 2000ab6b
509, skein, 0059faa1132b8d52f73f116ca3607e5c8dd5cca8481b72018eeb0a6364e002fc, 1545986006, 2000a29d
510, lyra2rev2, 0086743f05e7591ce6490e3a6a3e180a7ce603ea9a3116cabb555c8663057e09, 1545986029, 2000e6bc
511, x11, 00b2342e2984cc872813b9cb6374c2bdb0567a641f256da51de7e293e5d3f393, 1545986044, 2000da7a
512, keccak, 00669e4b71cf76639d189177c919fad469f4fc58a8bc55d63396137369d08390, 1545986059, 2000ceae
513, x11, 0072ae585a0721f72b8a6eaa06a8e4e3d1232f6028a87d40925c706de8b1f14e, 1545986070, 2000c357
514, skein, 001f9583a1cbf9908b3601a8822910d73d6faf8561fea6ce72a180796245d5d8, 1545986089, 2000b867
515, skein, 0004e93ca4747682b6c9b1d8a261455093029879c204388c55439b516a82a44d, 1545986119, 2000adf7
516, scrypt, 0054550333936bc566e745876d70566d5a524c2429c9ab4dcfc145e56a85f86d, 1545986134, 2000a423
517, lyra2rev2, 00bbb9aa8600265e80abec3d5375ac8274cf6eaa44e143a35a1e1d0dfead91f5, 1545986149, 2000ea00
518, x11, 0032322d93af0f9a51aaf69cc851d6a134d8bac68fa371387a6c1bac2b409991, 1545986164, 2000dc61
519, x11, 0092d0d039bfc186944283df5930b2187c2a558ebba0dd68cbfb1b4f40786bbb, 1545986172, 2000cf5d
520, skein, 00005ec24e7c252bf190560f3e0aed0be2017f02704bf78e209dccac6910497b, 1545986179, 2000c2d8
521, skein, 0093f7a1c01ae99400d646a219223014ed45d7e93e3f560af7311facdae0dfb8, 1545986180, 2000b6d1
522, keccak, 0023dc5b73e50401881110d346b39376a45cefebc4c6f7d2ebe2d79122cc957c, 1545986194, 2000ab36
523, blake14lr, 005f0fb675aae5789bdbc6699adc2a097eda1032fc613eda8d83500829eec37c, 1545986224, 2000caef
524, blake14lr, 00a5a6da001566bc4c8f561c900746c117db8e7db1b6aa851574a827e7c8e84d, 1545986254, 2000ef32
525, skein, 00dac0530f9960f218d9f5bf4c90282346488617a82cf370533479e2b44e47f1, 1545986269, 2000dfdb
526, scrypt, 00154ac0a8f2b71aac9e0ef39638e99ee476e8d89cd7e3d6e352babc70602890, 1545986284, 2000d150
527, stribog, 006b35547e7f30a3a14e9e9c2459ba8cf9f45450ec77e4074daae861dd5b748a, 1545986299, 2000c38b
528, scrypt, 008c315305302f5606bcf9ab1fa828fe298b269eee5fdc718e756a1a8b275dd9, 1545986314, 2000b684
529, keccak, 00838770907601e5bea0241344c8e7095799cecb40d27887e073d21f7c9830bb, 1545986329, 2000aa35
530, scrypt, 004345cca0b70b9003b78490bb031ff83607370018d1aa77b00f224d41fb475e, 1545986344, 20009e97
531, lyra2rev2, 0075fbc19c91324b41598ec5b1edd3f49d200800f698bbe7cec67a1430a8c451, 1545986359, 2000dc40
532, sha256d, 003dbc8482b164d0bbd46ebc4b01d89bbec57fb55f3b76f0b030b26aa3dc977c, 1545986374, 2000ccdc
533, cryptonight7v2, 009242db614aa27b839f1e2c899dec87b3a0642a606aaecf30540b31d327d1dd, 1545986389, 2000ddcd
534, skein, 00195e2e8ec886426162a69e21689433b71b43998767b9be8c1a24453683adcf, 1545986404, 2000cdf1
535, lyra2rev2, 00da4e44fbe74116a3998b9771486ea87c02edc3077180bf13f0484832749feb, 1545986419, 200118e0
536, x11, 003b5a23bb8b51480930ac2b668dff84b5cfb1096ec30112bf82022a76db5645, 1545986434, 20010458
537, scrypt, 003c2784f766cecf17ad5b5616da49deeb0a2b3f3c2c0cd42a1d7e9dc1a7c39e, 1545986437, 2000f11b
538, scrypt, 009bcf57496a15e2100da4d6743f664547d25789bfe290182ce287da7ea6b980, 1545986439, 2000deea
539, keccak, 007f77f4e1a4035e0970d6cfc13f7ef5283c9a9871a9a686215db105571ec0a0, 1545986449, 2000cdbe
540, keccak, 00ae83c8951fa51ff0f99d3a9fe809f51ac4d98c857747dc02a57a3a6b52b4c4, 1545986464, 2000bdaa
541, keccak, 000e3a22eb1652894685bd6a858cc6c888ff69e11988cf99e66555dda6772ce9, 1545986470, 2000aeb2
542, cryptonight7v2, 0014cfc8e0e4bd25a8e07bbe618f179db5f388a9e50b16957759cc668d211008, 1545986479, 2000be50
543, x11, 0053d99b2ac260a4d3b73ee89720e2a9e7cd361d6d8ffad3a19ae52a9c7fcf09, 1545986494, 2000aed2
544, blake14lr, 002b6d76579f3b6c86be769be8d5333f7182dea72abd9a8d6090e0811c96f866, 1545986509, 2000c6d0
545, keccak, 008d975d7b4606b62b7aadc65d0c67794e4c0eea0e55c79f30b09f60707cd942, 1545986524, 2000b652
546, x11, 000cc1e9866faff21bea135f1057ef37cabc4b1e1e735d5e076d76c15c7a79e1, 1545986539, 2000a70f
547, scrypt, 0015fc250655d78a3bd801dc9635a378eec269e03fcc8d6f0499fe2ee3fbc1e5, 1545986554, 200098f2
548, scrypt, 0081ba0749265c782d75520a662fcff9e6b2c90ef70cae3f5d39ddc782b98a91, 1545986569, 20008be9
549, skein, 0014156d606abae0855d8ab59eed0321019eb66f38dfc2ad13240ddb43cdf139, 1545986584, 1f7fe14e
550, skein, 004d5ec18ec163801181e27f9dbecdd6d42a43b6f1210b96ee410f2d704af81b, 1545986586, 1f74c9ae
551, sha256d, 0034e239c5ceda25c2aeaba25f1f4dea938c03f0683d8a684a73419e56c726f5, 1545986614, 1f6a7a42
552, lyra2rev2, 0019eda6cf483c1e2d53d9bf13de9f6e50255f518ef41d9cb2205039cff5b431, 1545986629, 20008bdf
553, skein, 005a11e09991054ab716c1779f666e805810dca3fa964c18421c8934b7ec288d, 1545986659, 1f7f6c8b
554, blake14lr, 002ad2c23da7f2bf74de659ef3a3d77902e583f468f13ed466b44b2a77282ecd, 1545986674, 20008e8e
555, sha256d, 000d616070ec4155f177d7fd651b3752c83599ee7748682a406d3ec2d5b917b2, 1545986689, 200081c9
556, skein, 002a5e1f9e9c4e07d9e47f55d0698fbda539855e2bc25f9be351985236e2d5a0, 1545986704, 1f76105a
557, x11, 0019cd9463437768f3e047a6a007381a029ae4ddbae8e3891680c6c09fa52bdd, 1545986719, 1f6b5064
558, lyra2rev2, 0076892651168fe3d1bd22d057a2c470c7c5ad8280f242d1f6c86664af88ecb5, 1545986779, 20008a67
559, stribog, 001173454cd29e5aee244513e0c042af81cb584fc1ff5e4c6b5ddd0c2c6f4918, 1545986794, 1f7df85b
560, stribog, 0027550580f7d7e3fc816c77a46e8dbf2a705af0029ea58531ac52a2756fcc74, 1545986798, 1f728fe5
561, sha256d, 00085a5fb928b253df717ed2fe9d416d836a876419405f74f9f384265bdb1788, 1545986809, 1f680732
562, keccak, 004658a71947d5619e806ce233fedf656f49cafdbcfe0188b6c7a97e4bf43c34, 1545986824, 1f5e5cb6
563, cryptonight7v2, 001a10f2f2cb2711f95d7539fd316a9dd0b52f72f1ded6b4dbe4d2a2dadc1fca, 1545986839, 1f64c567
564, skein, 005a67aae66a88eb6d496332d5b665e6659c0ed4c03675278fd7d2d45de475a4, 1545986869, 1f5b4305
565, blake14lr, 0024e5e553f9580dc8726e115a7b3ae242d596cb2565867ba57e43345c25e323, 1545986914, 1f6488f1
566, sha256d, 00598bedc4a7b8cdf2385f52e08aa51ae95f340fe8403aed985def603900a7cd, 1545986944, 1f5b2bb1
567, x11, 0038addbbf45d41eb6fb5a7e0a8e88f899601722ac55e87eb2f83c02974b6bd2, 1545986959, 1f52b195
568, sha256d, 00164ea998dbb58e5f675b3fbd5df30806d80ab5996a602efbbac60a85fcc7f3, 1545986974, 1f4af206
569, sha256d, 002466e7cd9e99654465b0f93c6f32135a886926672f778ef93af15225f714ba, 1545986989, 1f43de92
570, blake14lr, 0028555d200d756d0a639fda9b718f04b5f065d803d2dc683392f7d6d7ba7fa9, 1545987019, 1f4a2ae8
571, scrypt, 002262828c468ab0f56ac9c9d0d40a01247c6ae8cb2ba31ce51fb4a6719d67ce, 1545987049, 1f431fdf
572, x11, 00005892ecba0d1b4bc283ca818754438787373b08e7844275000e5b3c09014a, 1545987064, 1f3cc2eb
573, sha256d, 0026148447d11b21e3254d458b4de38a4f26434b0e255a1dd8c47aed2b10c2a7, 1545987079, 1f36f558
574, keccak, 0005ca5232dea465d4e40936bddeb42f80603e49d91216e8733437c018bc9211, 1545987094, 1f31abb3
575, keccak, 002198be564a022361d4552644df8d28f946119f9d4789e74d1d1810c78753a3, 1545987214, 1f2cdb55
576, lyra2rev2, 001038b0d8078a9d3c4af1d3c584d7025762e0a8c62394438af0c628d324cb6f, 1545987229, 1f390a63
577, skein, 002aa8c1d17f05d86700397dbe16380b52c468fe5f945879134fe2953626fe48, 1545987244, 1f33c794
578, sha256d, 001b3b5300d50ceb74845bca15dbaa3f5008cf30548c901796fc865bf102830b, 1545987259, 1f2ef79b
579, cryptonight7v2, 000b49d38bba77639913b77a95a741aa2f89b77d707ccbe68d559f5b7138c30b, 1545987274, 1f321287
580, blake14lr, 0013c6fed2b267905d2ea7b975c81501971b8a67902cb34db47c51871f982371, 1545987304, 1f361b7a
581, sha256d, 0012597f4e8f60bf41eb73a9877561e47e1c900b4726bde2901a1b977a65dec1, 1545987319, 1f3102de
582, blake14lr, 002fac99afb3339993cbf60cc65354c2d475ef5d133209b1618ae66ab0c38206, 1545987349, 1f34a703
583, stribog, 000f9b3b526dccdc0bb91235098c1094ea0a7c8920ec0055f8f3be29ac94e70a, 1545987364, 1f2faa41
584, skein, 00078692f58e4503021e44125f010447a9fcef1db836c0ffa2d435aaf3901b93, 1545987409, 1f2b1df0
585, cryptonight7v2, 0006baf31aaab18be8ff30dd6d82c29f7106af06b3d19d28c6bb28616b526f75, 1545987424, 1f2e38dc
586, skein, 00215af9056ef86fd0f8df66ccd50809d90fda03ded9fdc8915ea6529b5c29ef, 1545987454, 1f29d3a8
587, cryptonight7v2, 002016af234441bb55af0ef7a715ebd50dbe955b118bd6ba263a5a9c9985adca, 1545987469, 1f2c8915
588, stribog, 000f84890f80952447388acfbc0b64730737c0eef59793e8918e81a055b5cc3b, 1545987544, 1f2846e9
589, keccak, 002410a20cad11eca46fe5fe348a812bbd05f796c1b25c743d5672156b969601, 1545987604, 1f248902
590, stribog, 0013b1cd33e0ced5b4ae9412e86a600aee437c013af755d687d3e3f13e4b4fd4, 1545987649, 1f21357b
591, scrypt, 001234e8a78bbf42f8131f9fe00e8ccbf9450723a184ca66290a32fc41fa2b46, 1545987694, 1f1e3802
592, lyra2rev2, 0019d13b3e3f47e302f705a9791eccf8b72acc9341241037d514792ce635923c, 1545987739, 1f26863b
593, keccak, 000d9bc11796fca0bbac27e2c325d5be00810ac20f7187511acb3f70df406772, 1545987844, 1f2321ee
594, keccak, 000f787ae53f5ef503f82f9d5c428f8ba174b7a99598c0bd9d2947f5a6943be2, 1545987849, 1f203165
595, keccak, 000999256d26ef97a2b032356f841610898691ecc47c2f0fc52f23592ad36101, 1545988039, 1f1d7568
596, cryptonight7v2, 00031fb565cfb9d06b19e5c8831ee10890668cddcc3a910bb779ea9729e68252, 1545988099, 1f1f8a0d
597, keccak, 000120d6f15afe2e9eadd71d6bec04565dfc80307dafdaff7f89f5fbbd9eee69, 1545988144, 1f1d3486
598, x11, 00045dd03027b2f5a144d71a1cceda04f51d3af062091e603b3f5502fe981720, 1545988159, 1f1b126b
599, x11, 000c615729501391dc38cdc81391c4c858b161cf3f44a24f2d53ae94aefdde6a, 1545988167, 1f19133f
600, stribog, 0011641f227e787d39075a2581ab4b157c1ea885733a5ec5531b15da7a5ed6ff, 1545988204, 1f1732b2
601, cryptonight7v2, 0016f64282d7af52256c3377e056f3cfa4031024b787e979801baa989ab1a397, 1545988294, 1f192380
602, stribog, 00143242ba79261be4243b6a67829cb973ac8803171f7cf8935d0bd5152a0997, 1545988354, 1f175b4b
603, stribog, 000295843b72ddce11791ef95c5a7bf3247263826ddee1794846607f8e444c39, 1545988384, 1f15be14
604, x11, 000d4f4c24ae2455b7f4af46426f82663b0abdafc28259bab3a94afb5d5a7ca4, 1545988399, 1f143e0f
605, stribog, 000cfa5ee6b7a88e7199e52a39a58b2739602bedd1bb5b461ef10f6ebc8b8261, 1545988504, 1f12d4d5
606, scrypt, 000007ba88fcba2d4c8aa96729fe5d42852fc0fe754c2b3685621e39e5f729df, 1545988579, 1f11994b
607, cryptonight7v2, 000a3d326c191f5b9ab7a158f4c656ea9d3108c08c7377d3d0b15f0602aa8069, 1545988639, 1f134b15
608, cryptonight7v2, 00047530c9268476db4198480155f02e2758df410fd848cfbf7c9c5ce3429d01, 1545988744, 1f152e1b
609, blake14lr, 0002f56bb01913ec641400c41ebbbd7b8b192259b970cef9865e9fd59153bc12, 1545988775, 1f176369
610, sha256d, 000f5dccb0782ce1b103b69b1ddd5f526440fb91750e351e51fde9340e5c5bdc, 1545988894, 1f160fa9
611, keccak, 000d0a088c9951acaf697d7ceae914d272ef17f99c84dfacaf0947a2e44d6d42, 1545988924, 1f14eb3b
612, lyra2rev2, 0007ca3dc73d2c27ee038df32fb75b5dbd46f2850c3fa4ac4cafd1cf5a1ad4ec, 1545988985, 1f1bf7c3
613, stribog, 0005e801b6a080e1b954b1a8972b352ee6b23ddc9c0f369a2edf0e7f03e12b95, 1545989014, 1f1a925c
614, cryptonight7v2, 001604df03a6a0096f993672e361c357f3a8b1d98704ba99e97e2d875fcc5e21, 1545989074, 1f1d42f5
615, skein, 00171888a346e1ed35fe05cc71784a9bffb3fbad27dae8a11ea32220f92cd7b1, 1545989089, 1f1bda0e
616, stribog, 00193373ae0e68de67e85129d58bd5bf4bca71d8f6a852df744733cf067081aa, 1545989164, 1f1a7d4b
617, x11, 00159b434ddfedaf65d96fbb1876d479b330557330b76b5c8552eeed2703daca, 1545989179, 1f1942ab
618, x11, 000b9ebd1609874d427f5b47dde8d65ffca6ce93a98641f71ff6f93a63e7ba63, 1545989224, 1f1811e1
619, blake14lr, 0015ab2aabdef16161b2d0021db5fc4fdfe7a3e58d75226ab12a06b40ae55b73, 1545989329, 1f1c2910
620, skein, 000a8fd6abfb232b305494b54706c2d560e5c562243ad658f942e668b14d6b81, 1545989359, 1f1af961
621, scrypt, 00184167e63f3c58bbfc7964cc8528443d3df9d539360d0ea39d39ea49d7aece, 1545989374, 1f19d6f5
622, skein, 000711737384da7daf517632450ce64dad2c57a854db427b88a3c0041d2a9a69, 1545989404, 1f18bbdd
623, lyra2rev2, 00100cd35c4449aa55e6e204c7a9d185c4dc010ac6122cc61ac080f9d07d60a5, 1545989434, 1f22c754
624, scrypt, 000e8420951845a3561bdbbf9dfafefc0e3e20e3baa14e5266c897a15433958f, 1545989494, 1f214b87
625, sha256d, 001db3a4e74038469729cd9393557cbe0557154855525349a40404c9e1d4b9e9, 1545989524, 1f1fee31
626, sha256d, 0012a10ebd883cc20ba5560bab61c727bc490f19bb406b5312580315585fd14a, 1545989539, 1f1e9fb6
627, x11, 00073134a004c05010d22e42d413686e23819c682c74f90f8050433ecbc9e424, 1545989629, 1f1d5929
628, stribog, 0004cd00972e7419363b01c6916e910a2d85e8b9b2685ee720637581ef1145a4, 1545989704, 1f1c38b7
629, cryptonight7v2, 00044bb2e7ed5fb686c9a702fdb505599590ef3dac07193c3e97dce1bdb11340, 1545989794, 1f1f76c5
630, keccak, 00133d9f5135355b54f3615df111f25d3b10e48d66c37f912186c4d6d3eb266c, 1545989824, 1f1e6f68
631, sha256d, 000368d93fee7e71c0dde2229f57fae68a75d5bfd8af12d1d1c7b738786883ae, 1545989854, 1f1d710f
632, scrypt, 000f0f8aa091cd854f8df1d3f0d4e165144f8d40ece08607afd0fb9dade5152c, 1545989869, 1f1c7b68
633, blake14lr, 001973579993623a69f7654a70a5e4a36436c7dfdc0864a6a520970cf4e813ad, 1545989959, 1f22a465
634, cryptonight7v2, 000085583c85b8c0505cb8e3f308f47df054c22394df490df0c9df6b5dd1fe55, 1545989974, 1f27892c
635, scrypt, 00067873e4dcf7e42fed8dd1ce63515c125b6dd113cba052ab5a4f58d72c056e, 1545990004, 1f2650d9
636, blake14lr, 000d482e8a62eea130464f9e2070cc24fe69f13844673023767222be86e97432, 1545990019, 1f2f6e88
637, lyra2rev2, 0034c3947c78e6cc410d81c17ebfcf8327e4ae5ac28aa052aad70c36fa90ffb3, 1545990109, 1f4473b2
638, scrypt, 002d57fcd0e1691a587a0e3a71eb24fd8397a0a9a85c010d90ddc40f4f37dcca, 1545990139, 1f4282d2
639, sha256d, 0034484bbe28a1219a05749800e5edb090b1720455f798984786857fa312e736, 1545990154, 1f40a0cb
640, stribog, 0018d5a4ef62f9a038be99d12f1b12b340ae5ad3a2e8db1d2b4d4439c1097742, 1545990169, 1f3ec02e
641, lyra2rev2, 003eaba5815d3cc6523e4d1f729687c65130194e000d9fe2a377b5b932b65794, 1545990184, 1f5bd04d
642, lyra2rev2, 0008cd7b732fc13f66020b9a7e50bdae1261199945d4cd32b90e3de42897201b, 1545990199, 200084ec
643, skein, 007fa3cc3603e9c8960fdf9c43dd8d870b906a1ebea2c934e1a4a0cc54c7073c, 1545990214, 200080c4
644, skein, 006ca73cf7c027fde06613eb2bb06d545ec3a4fd09297218af93029bb74c39a7, 1545990217, 1f7ca5b3
645, blake14lr, 007fba45bbfe211c59ccb212fa469ba6f0826b4c329247baba16c1e2614cf642, 1545990244, 200098b8
646, scrypt, 007461df8cd4a98c90fcb99e26c74fadeab6f15229fc6149d6b9cfebcb44fea1, 1545990259, 2000939c
647, stribog, 0004fa0e0cafca6e57b8ed136112bb5b0c04817d8d9ca22ddc90c3381836c121, 1545990265, 20008e91
648, blake14lr, 001a2c4bb89375fa9d10794899d2153d0efe3788d9f1902f932cc9c3b4b982e8, 1545990274, 2000acd6
649, keccak, 00955d75fc83c3f556a8e398ce09ef2491a21c7029325f4529891785182befe1, 1545990304, 2000a68c
650, sha256d, 005dabb2b9112525a2bf76a0e051f8e5e1da09a79a7bf2f20d2861ce920b24a0, 1545990319, 2000a07f
651, blake14lr, 003793c04972870be45b9555191d0cc7a1af202686134e25e96b9c3586f1b5c1, 1545990324, 2000bf8e
652, skein, 001967ee6c80aeaa1de6a559ee3c9ab02e819be204568558e32f4c5ef5547217, 1545990334, 2000b839
653, scrypt, 004cafa13ee2ceb932e45bf7c44d0b68ba1da5eadde6b02ae30138d7f409cc53, 1545990349, 2000b0ff
654, cryptonight7v2, 009799626d2558fe36f3a91ed918f393a91eb008c196f20706e9e3c8c9211dd8, 1545990364, 2000c7ed
655, cryptonight7v2, 00334d0bc3f9f74c9db5e41a87f33cd72ba64ae5a494112f929a72c86617196c, 1545990379, 2000e1e6
656, sha256d, 002f7c76469ac3bf9a403f2f697f211ea4973cdea34d11333212587551b8bf2d, 1545990394, 2000d88f
657, sha256d, 004dbc2a226172305f60d772cb49a46f87ffccff73c9fca734f68b4f688f82c3, 1545990409, 2000cf74
658, sha256d, 003809ff65f473027e57aa6850696f3157376b9f0b2426740eb5c4a26bd527d3, 1545990424, 2000c696
659, blake14lr, 00a31cb70ad9215b7ef4a31125b18a1a311a690691324207d8c0f594a81e9ebc, 1545990454, 2000e7da
660, skein, 00452feffb24f98f0bd4a5980d387ddcec76c15494a80b526a022a7a50c14747, 1545990469, 2000ddcc
661, skein, 00138d33f6575e0b2af9443ae7cda29c939351e23cabe260504cb13e60a2b387, 1545990474, 2000d406
662, keccak, 0087fd789c768ed522f65a1a39b53866308c9d4f351229ccb5ad11c6dcadb167, 1545990514, 2000ca6d
663, scrypt, 00b5b63253fdf6615e4c808ce3e5428bd15cf69ac6ca30f56855587b95f2be28, 1545990529, 2000c161
664, keccak, 001643704dedf310c80ee8be0a69c6a91221c4f34db8dcefd06d0498b9cadac3, 1545990559, 2000b89b
665, x11, 000f34b6e702dda88c27895d4a1dd5b4952daa6220f98d3ce1105ab4d41ec14a, 1545990589, 2000b03e
666, lyra2rev2, 00c5adc3d05ad9a4e9b894236daa457016814f670d90d7aa1f763b1b3dce4f2c, 1545990619, 2000f64e
667, lyra2rev2, 001075ee2a2ad884d715538fced609ca6e10ccada2314018b375fee86b3aa990, 1545990634, 200156da
668, x11, 010f73b0955a4d8e370851c8ea1d22c547dcc7d39fd9e7f48edd2280938900b4, 1545990649, 20014722
669, x11, 00930ce839c7cb66ad8b7278a4e8fc30797f6751ffeba9255c8dca73a7f3ce9a, 1545990651, 200137e9
670, skein, 0092beb8d845e3887343c39d1a5c95f988ceab8efde6753c61b7d34e121d2397, 1545990664, 200128fb
671, blake14lr, 00647cbc3436c99163444a907a541ca027905bb748d04da7e0d89dfbd96f4e16, 1545990670, 200154dd
672, scrypt, 00e7e853fe6c98b721534c9d01887b4ae135c365350c22a20d6ecbf0c6fe1d54, 1545990679, 200143e7
673, keccak, 003536ad096dffef1a062468f74d7ea87eef7ee494d30c77d57bbafb89afe72a, 1545990694, 20013379
674, skein, 00d16582d531d0468f0a3056040941bae78436ee70a3b0e8c8920a141c699e52, 1545990704, 200123ac
675, scrypt, 00fd1ee2bfac0ad867a61abf7ab70fb3da44d81a7401f22179d553ecd43a725e, 1545990710, 2001146a
676, cryptonight7v2, 00fccf8c71affafb14b2f746e7c025d87ce993e11bca741d29d354233be45d3b, 1545990724, 200130c5
677, blake14lr, 00d0385b029a89804a9b867b112f854269dd5337dc078efea62d2f1cca67350e, 1545990739, 20015966
678, blake14lr, 0062144a18422e6907d066ab324d317c394600bf2974ae9e8a0dce9e48db93eb, 1545990745, 200182c4
679, stribog, 000a05fcbb033cb7fb198f918cf84b7301feffcb293049c11b003f3efd713439, 1545990754, 20016d26
680, keccak, 0128c70eb8a9b6f225abf7cb5dc27bed0e96aad3bc9735ed3b30336a890d5df8, 1545990769, 20015865
681, cryptonight7v2, 00bd58052b17775e10000f0a0593117703652f4aca472c8be664dcd15eb26461, 1545990784, 20017910
682, keccak, 012ee3ef3bf8a8567604e9c4424a4d0b0408a2bfae952bf99dbccb22e9826467, 1545990799, 20016324
683, lyra2rev2, 0013c96b57bb1542f4de52a5015f9ad5e67f59c522f35a1a76340f5460adc894, 1545990814, 2001e040
684, lyra2rev2, 00553163b92641731643b92366483fc4a78fec463ddaba314c077a4be76932df, 1545990817, 20023fff
685, skein, 003eeb795cca406c0a8a700e194e7f16a24ba8fc3f9581147628c02ebf92dcb7, 1545990824, 20021d0d
686, scrypt, 00475a819acd7000533cb061cf9b1765fd32b1c95f62269d18e3fd7f9928c733, 1545990829, 2001fbab
687, scrypt, 01a08f9d83d4cabc9fe5324ecf2d87709dce63cc66a035f237bfac5af77b9969, 1545990838, 2001dbc6
688, x11, 014238f89aec1710c4ccc262579fed91056f7662c842fc770de07ac3d55b1549, 1545990842, 2001bd71
689, keccak, 000c56c65c48ca57078335015b9ff85404e6c1de115bfb574174e4b8b28ebe1d, 1545990844, 2001a085
690, skein, 006a108fb5bb2b87b08ffd448a8215a1be59c9d6c05afbc61aab2ed2d89534b2, 1545990850, 200184f4
691, lyra2rev2, 00e4388c2051d4a423451b3108489fa6af7aef84ebaac0816d4f33ecef7007d2, 1545990859, 2001f9a1
692, lyra2rev2, 0171407db60fe2a82582ffd5b315a3c1b8cf23797250be5865b1214245763236, 1545990865, 20023fff
693, lyra2rev2, 023ab10518016f576e66062cf550881782de52d4c3b1a873b3768faa588be9a2, 1545990867, 20023fff
694, lyra2rev2, 023277ace60b1d0e39abb82ad68d156e0a3d0fe48cd917bc1e39c5f00a50c8b5, 1545990871, 20023fff
695, lyra2rev2, 013188ac4625751ff88aef9d81fd25af8f58fd3da01c440d4bb2b00efd9eede8, 1545990875, 20023fff
696, x11, 008fae884c1c480cb74bd4b3788a206cf1c64ed64a4398d2b04701c121b19ec2, 1545990900, 20021615
697, keccak, 0063483ea69209f0b2063cc6d37d6047b25eee552dd2c44dabdca79c045587df, 1545990904, 2001ef25
698, scrypt, 00b393a249518676033f757d96b5f00ea08940c2820fb01f3583ef016d777f23, 1545990912, 2001ca7b
699, scrypt, 012c478222b670c5b45bb93620f61df68a87809dbfc3184d89ec971f5a47edad, 1545990915, 2001a819
700, skein, 015a320c541b3e5fb46238be38689a2c27ab9a2ed84140f0c9c66733b20471dd, 1545990918, 200187cb
701, x11, 00c57186c715af76940a4ec95bee59e073a10c6aa0ed234c80ff8c2df0bf0948, 1545990920, 2001697d
702, skein, 0089023cb5543e5a44b12ae7c0d3338abe449eb10cee8c57664b68cc4e2c9615, 1545990934, 20014d15
703, stribog, 00cef430e270b99033ed040bf5c35bbfa82a27a940588390ea1f1c4507992256, 1545990949, 200132b1
704, blake14lr, 0096e2d535aa05bca9d2b86c5a0fa6c240d70fcdaece80640b548ddd6be8a8ee, 1545990964, 20014933
705, sha256d, 00116f9acfdd33ea5d6efd14a6bea3170832ebc0f054b98acf4eb8efd1f54780, 1545990979, 20012eb9
706, sha256d, 000822e5c3ee250afc51a3b9b3b581ac107ff119c3edecc9e96854ab252fb840, 1545990981, 20011632
707, keccak, 00ec1ba23fc84b6bc8e32f8024605f0ddba2e2b3dbfe8f5ca42e9f4c6a7d2842, 1545990994, 2000ff52
708, stribog, 0039eda72d1731474d1bc75a7c7cdb58d5dee8bebe31ee9e0cf99c601a6c9c54, 1545991009, 2000ea26
709, keccak, 0087a806b3743dc321c8389cc3721c9353c797a78a417012d81b07406b8209dc, 1545991024, 2000d698
710, stribog, 0060717e8602fdef28ec99f2e8b5cb84dc3506261a201b6ff051c5a36f16a04c, 1545991039, 2000c48c
711, sha256d, 003d9b20c804648cc91985f89117ba239e35194916821b82bba00b14af990df5, 1545991054, 2000b3e7
712, scrypt, 00a1551546dc4177531ee3dc7c5524497cbb6da948342773e76365915d32589e, 1545991069, 2000a490
713, keccak, 00650fd3caf2b76d3dc897d65878873e650d81a357bd70253cb4b3190cdb8404, 1545991114, 2000966f
714, x11, 0009d5052c8c53f874cce4a17b5e39652a5423761ce9b993b2f4d43a306d5602, 1545991129, 200089a4
715, skein, 007bce807eba529bad0a7770387f3eb8e2577cad4e36c72dc1fa03959729040c, 1545991135, 1f7ddbc5
716, scrypt, 003d35dc57d4bfdccee2b46774c4e56495845ab1aa789e8517ec7e7fc412517c, 1545991136, 1f72f57e
717, stribog, 0044ffc0b4913d127e0c34a5f9b2dd69dd37e54586d8a1c197e7e89f0e2e7b9d, 1545991144, 1f68dca2
718, x11, 004c4584e4ee956042a00fd507117c88527f36106d15804fcbc6693979e46a77, 1545991219, 1f5f8e9b
719, skein, 000722d7f06efa349bf6aca26cff5a1ab3ad7f28443422137cf79e311c1507b2, 1545991234, 1f574a26
720, lyra2rev2, 0047dfb6083df2160e7f624d5945f79e9747aea24af80c10def813d40c713f7b, 1545991249, 1f6567dc
721, stribog, 0000fb9ed4f8e2b7aefe35e5b323ce48952e6cad65e856edea6667ece4f473ae, 1545991264, 1f5c8402
722, scrypt, 00345e7efed5cb010ccd2e42950f84e41de84d5beeb9b68d66e97104bd70e774, 1545991279, 1f545a1d
723, stribog, 0040dd20b538f21436d7e08392152def2e2967046dbeed6aab752fa022ad69b8, 1545991309, 1f4cdc4c
724, stribog, 002adb5fa892ff4bef7bb6ec301656c5e9ae7f8dda43e4a2836bb9525e824f7a, 1545991312, 1f460b3a
725, stribog, 001eda7d43e0b2399a928a618f9d5f48d315ddb07c4f61502a4b090720a68122, 1545991369, 1f3fc0ce
726, skein, 0014ef812dd878ae6e96e6abbb210abb0a8989ae16473a7c9b6e6973cf5df552, 1545991444, 1f3a1d54
727, skein, 0025a0026acb2e80ff78288df20f806c4136af0b5b14597aa1c8751e1494b593, 1545991459, 1f351a1d
728, sha256d, 00153a2dc2f3dfc5942af892973e02cc48009300831d63f8a868745659e72882, 1545991504, 1f307dd5
729, scrypt, 000afca196b8ecd7bc4b3974aabb59e2cd0a6238826c5d97649b0051107ac5ea, 1545991519, 1f2c520c
730, lyra2rev2, 002fe5a380fd9ae3245b840a9c9c9362d9701f04f9ee75fa5c41b5973423fa22, 1545991549, 1f335a3d
731, skein, 0025ec813772c23f6edac1c22ed49610e893901e0207fbbff2b2780c95330e7c, 1545991609, 1f2ee98a
732, keccak, 0000b6bc6f62c9590fe509ae70d791d24a9ff2b7ba87ed7e9c4eebbab9771f6f, 1545991624, 1f2aed00
733, scrypt, 001c87731dad5fd1ed8a5fc5dbe21da1174044dd09b72d5d82c7870ba2522c6e, 1545991669, 1f2740f2
734, stribog, 00033133be618b3ed4b3a7acbdf043d1931e916b20c88f264dda1f8d267a927a, 1545991684, 1f23ed58
735, scrypt, 000f127f0445ee64e18e5787c94ce73efd526ed9ed90a0889ba9f193368cf66f, 1545991699, 1f20dcb4
736, stribog, 0011353e5f063f1e350424dcb4b0754e62b7f7485b15ac5cf2d1d91dc21a93f9, 1545991774, 1f1e0a3f
737, lyra2rev2, 000aa2c50e305dac153f7045fb6ab5536354183502cb7d124fcbeb35a5e29f46, 1545991804, 1f22df82
738, sha256d, 00074359d4124e605d74a08eecab8467557dd34eabde568dda62eabb4561fd27, 1545991879, 1f1ff51f
739, stribog, 00102d0559eeca74a53f043686bdd8e8f7a06efa5f4847516340ac79e5a13d67, 1545991924, 1f1d5ab7
740, keccak, 0018bfec2292a7450c6cae77b1b27e0e207bd30aba0ac57f6bca6bfd2bd9fa74, 1545992014, 1f1afc83
741, blake14lr, 00187fac185a78f7c1550551e5fe6493cd3c99bc73c76674000e0ccba24a6c81, 1545992059, 1f1cce5c
742, x11, 000ae77333f8fdf4f9b6d3ba77922db124718403cd8641b1fdd0fbda6c96a751, 1545992104, 1f1a9600
743, cryptonight7v2, 00178d9bac246ed714804e1b78f367fab7ab8d12e4a35795931fb088a7da0f43, 1545992134, 1f1c4224
744, sha256d, 00154ffe93fe4451288faab3c100e3fcf4fdcc33c387b0bd1b3f59927ddf3666, 1545992164, 1f1a1af7
745, keccak, 00161a2eb2d88a0ed99ea4d1d6e7a1dd64441655d027fded185a00c9f3d4ceb1, 1545992179, 1f181e78
746, lyra2rev2, 001621fda66b0e21b9b4bab5f758d20ba6383ad8118a4e723943243c629b6e9c, 1545992224, 1f1c1bd8
747, x11, 001828c7fc713ad15997ffc90ff2dc48b003299fdc8d01082383d46ccbc20f53, 1545992299, 1f19f9cb
748, skein, 000c2e82128bfe2d35f6031348576a584e7a8fdc7c4efa58817bc0877c07e35c, 1545992509, 1f180f3a
749, keccak, 000e452dabe7e0ef62e1d3bce3b2ad55d2facfa9577d84e9f3a4151f0c67bc48, 1545992524, 1f167aee
750, keccak, 000eb6654e13b6de84122d3732bee27f9160d94cc13f51559ab893547c82bfff, 1545992629, 1f14fdd5
751, cryptonight7v2, 00070b64c15f5deed23bf7a2f17e0ca9a95c3f5d2bbb770ed0c2987383159cae, 1545992674, 1f17786f
752, skein, 00070b930a6d40e3ef7cdec49a17ad75f0f333d38b48610de8f48aae5b2614e9, 1545992719, 1f1603a4
753, cryptonight7v2, 00109c5e2271be84902d9dc8131d063ed0f36e9fbbdbb28c7791d4b2d598b94c, 1545992764, 1f192871
754, keccak, 0002ff895c68797c7d6a1da046046d1222eef556b973081e8597abdcd66650ce, 1545992839, 1f17a279
755, skein, 00121fe10f3b1ea30bfdd4113bc3caa8fbb8467f6bdb3eb3872120fdbabad5fd, 1545992959, 1f1640a8
756, blake14lr, 00071d5caa668c1fb50031170161e2e50aac1bc0ed0e4ae1a82e903b316449b2, 1545993109, 1f190e72
757, cryptonight7v2, 0008e571d91921590fd55652a6d0858d9f14f4c6d3712950966cc882acaf4e27, 1545993169, 1f1cd60d
758, cryptonight7v2, 00187d2667a5c1358370a7f26e85f3590d64879bffa6958769f3b53a6869dbff, 1545993214, 1f213bd1
759, stribog, 00189329027017bdd024ba806889d76d43873a32261f14794c6d2486f7e4b08f, 1545993244, 1f1fac76
760, keccak, 001ce781669a7c2dea96128410208733583e78133e4d285da7ce08a8d2fcd5e9, 1545993259, 1f1e305a
761, scrypt, 0016649423dec8ac52ec0033c4bb99c808bce9b3e1f36542c3ce5da64f95b2ef, 1545993274, 1f1cc173
762, keccak, 000d1be6d346133e95470c1dd7f2845cb54401ad343dbc7b91a879ca616e188e, 1545993334, 1f1b5f95
763, blake14lr, 00119767ba46899e800e1dd1db582e924367ba3aeafa8ca723a3981e6f81a1dd, 1545993364, 1f203223
764, blake14lr, 0006779e0158d688597dcebde3fd60d5efce1fe3df3e2f8293ad87c4304283c3, 1545993514, 1f261508
765, scrypt, 0017a29540f708bf8c8d97390a264c0780264ef67de0156a84bbf7013f0962bf, 1545993634, 1f24821f
766, scrypt, 0020a47a3adc7b45b6a7789fe50b9f43e5d1d3a890af0a27ae7e35df69fa24de, 1545993649, 1f232511
767, lyra2rev2, 00136b59ac9571a4a9f159ab94b9a74eaae2e743b71a69ee72a52fb8eb327696, 1545993694, 1f2ac142
768, lyra2rev2, 0033263344cb2998afd40cf9154527407cdc02eb27626f6a7b43841e57f35a96, 1545993769, 1f36396d
769, stribog, 000e06bc91fa86888dad4a1cf3652ec10242a318f458677b7bfe29c66a61c324, 1545993829, 1f34502a
770, keccak, 0006502e7d1f43340e7579dc072cfcce386bed87566eeb2a55fa4031237a0385, 1545993904, 1f328a33
771, x11, 00193de01a74f061468c58f17074ba235a603d20ccc0f808bd1b42a7a2214d55, 1545993934, 1f30ed6e
772, scrypt, 00144936977fc604ef51660382204af4085cb9e83bf23edf219b3a4fb996e4ce, 1545994024, 1f2f5e59
773, cryptonight7v2, 001f240ad0dbcc4edf104c011d448e055255911cc69fc665c80fd94b53cebc07, 1545994039, 1f3728f0
774, stribog, 002cf1cb4e133992028188f9d71577451b7ccd6b4fd8ce1b423d32e58bd2ee2c, 1545994069, 1f3583a0
775, stribog, 000d6ebfc7b94d8fa1a88064335de5585b1e01c4c7a1d78c251248dd7750b938, 1545994072, 1f33eb69
776, skein, 002ef786aa1fd960e21a98d25e9a743a2b89d727f77a9f1425d4de83c6e5b211, 1545994099, 1f32506b
777, cryptonight7v2, 001d1593c1072c47a3cf12f19bdb570775019d2e797a0a03df35308cf96d4844, 1545994114, 1f3b4c56
778, keccak, 0018556709d4aaec30d5d1130b97e4618a0fd62a4f97a1eb6dddf07322c14772, 1545994129, 1f396c68
779, keccak, 00105cc72dcf33b535b09ba7a9f3b95a44da6ec7dd81a7bee39a1d38b4b65ea1, 1545994159, 1f3792ca
780, cryptonight7v2, 0007ee71609c12503ab853e292ba5d76b1d151f02011d9ec0cd4fab88a849ba5, 1545994219, 1f413a11
781, sha256d, 0038ce9a184ee028be77d3527f7c3957de9c01fa779933a3d9faada9ba3a5830, 1545994234, 1f3f36e7
782, lyra2rev2, 00314ed3dd820a3b52667002e279132e69d6969a9795c261978cd0174c31ad10, 1545994294, 1f50e7b0
783, keccak, 0044b5a8d23044b5477bc0e8620e7fed627c684059602579936f2469522aa45d, 1545994309, 1f4e7798
784, stribog, 0007fb8f7166686b7d7acdaf7aa16240db7f632a4caab151a1fefd665c6825e1, 1545994339, 1f4c0e3d
785, stribog, 004428bbc704f82560336145e0c9194c27b1994cabd07027b3a85ef58ea81d1a, 1545994341, 1f49b89e
786, sha256d, 002143e257b82a27250e982a10fda711978840d6a51f623674c1a53e91631862, 1545994354, 1f475f9d
787, sha256d, 00147e4202a10252caf97281d278a59cfad5aec71e0da44e3873b6be8616b07a, 1545994357, 1f450d4d
788, lyra2rev2, 000a5f1ac594ca3837a3ae1e9e35a710e22aad6813c4712c47301089749dc945, 1545994429, 1f58659e
789, cryptonight7v2, 003905bf91ff89a1e3bdd6e4e32570396ac21b952c427fff89c9e1eae3c2bb97, 1545994459, 1f66bf1a
790, sha256d, 00459d932f2b66cfe5a2773784bf00278b72cc7b2b909f04c30fc7a478217e3c, 1545994474, 1f637b7f
791, blake14lr, 003e6532fe863b66f313da241ccb70d3a2efb736ca7e5548ceed067cf7ccf682, 1545994519, 1f769238
792, skein, 00248ee14648484710bf8f230e576fab3473eabfe93bed8b80608f3a3aaaf953, 1545994534, 1f72d05c
793, sha256d, 002b36894ce380385f6942cfb8889dbd45310004a386a7d66e7843ea44334df2, 1545994549, 1f6f1b94
794, blake14lr, 000d31b0573265b8d38c58fe9741c67249e746b249c175dd4f63f9df4558da0b, 1545994579, 20008717
795, sha256d, 002ed323ebe655ed9119fc9150a908ce78723935a5d84512d2ddd03741ed6aa5, 1545994594, 200082a7
796, stribog, 0079c414b5e796563004c0d1374b322bf3d89eea6f6ad6c5d54d5e9b102730e8, 1545994609, 1f7e494a
797, keccak, 00491dd686966069112a8d944b6ea3dc76c4ffabd8a2e9a6b06228304b651cf0, 1545994624, 1f79fdf5
798, lyra2rev2, 0086a410b965dfbfd2e0008accda3cafa5572c87e6b83beef86f5ce90bdac7e4, 1545994654, 20009b28
799, cryptonight7v2, 0083d626edac36f9faaf70587f1423558f3a3f2001e1554cc8971c62b9ba223a, 1545994669, 2000b2e8
800, x11, 00417ae6fb2314a9f71f8d14bfac8d650a01e59c1129ff9ec18ab80d3fb39523, 1545994684, 2000ac9f
801, sha256d, 00794bfacdfe2c7eb6ff75dfbc1b0c2bdffcd398dde96803a6ecfb32f28aabfd, 1545994699, 2000a674
802, sha256d, 000a52aa5c9faffb0f12e1eee90e297c918cc0c022bc59067d300b4dbef70ec2, 1545994708, 2000a069
803, cryptonight7v2, 009aa1fe461040561b63ea317c2b95536b70319dbf45ffc39945abe09841a256, 1545994729, 2000b7a2
804, cryptonight7v2, 00735f723d6df369f8b85b8534f827653df15c83df79ed10b8ec4c70c6358bf1, 1545994736, 2000d023
805, cryptonight7v2, 00baf4f9b08a74378845ebd076c3b01291c0c84c064922496e4ff57cd138af9e, 1545994744, 2000e8b2
806, lyra2rev2, 0040c96218f8dc9d29f0eaf8275794fc82c3643a792d3c44411103310b39c956, 1545994759, 20012493
807, stribog, 006f5e24b731f370280739215cd5968acdfce500af3297025a804b5415f9f720, 1545994774, 200118ee
808, blake14lr, 012d3b4f51050fef83af6724ba0e21a27cc6d4c1528425a1d703f3e90ba8c71f, 1545994789, 2001524a
809, scrypt, 006addaae81aa63d230aaee217fd8bad0c4aeddb80cb646921c5ab4ebd36660a, 1545994804, 20014471
810, sha256d, 0044264a15c4c5408ea49f57f072c304a5898b1507bb1e1adfc016dabad5c49f, 1545994819, 200136f9
811, keccak, 006becd27ea6e25ac0b4c2753cb029a1062e70f1a3ab66ea58116748dfdd9c34, 1545994834, 200129e3
812, keccak, 00236444295a9624149a643cd6ded6a066e68f54c7cef67e5d2baa1b1c2ad0a2, 1545994849, 20011d2f
813, skein, 00be9f7c2ad9f8b44e0122a365fe0881dfeac75756277a9f5669cf10f0c064c2, 1545994864, 200110dd
814, cryptonight7v2, 00864ff9734d9939cf3cf13e3050642329c28592b1fa10c7922a1441ad471c56, 1545994894, 20012b63
815, cryptonight7v2, 0028165c7ba86f3e82f97ed7552ce52a269ff1f82cefe087072adb0e9c7d3ea4, 1545994895, 200145c6
816, cryptonight7v2, 00acdbce0f42a8bb719c639062ca0a9cc35c4b78ba308219b3912c5962d8d81b, 1545994909, 20015e07
817, keccak, 00440290859697af9e6b13b0a1a916edce7fab8b95b45450e0e23bfc36345c12, 1545994924, 20014e1f
818, sha256d, 01142c02c5f84b71d1b2cd56dbe1220bff069dfca27734656ff7980dcd07a218, 1545994940, 20013ec0
819, keccak, 0053a3b23d57284c19b0f39354efa98f9067f1c9245294644581ac61b4d26751, 1545994969, 20012fec
820, scrypt, 00e0a84c6eeb8876affc1f50b1849bdef66d99e69828faf63da8e87593cb8369, 1545994976, 200121ca
821, skein, 00fefc4d6c7ecdbd4fb36131622e14a933dce7f215fcc2e27ff65d2c46db0392, 1545994984, 2001140f
822, keccak, 000807cbbbe3986fb1c6caadcb13dd4a97d9d01ab82105437bd31032b50e8082, 1545994995, 200106bf
823, scrypt, 002792d6a0d10093a7cd287aa3b25f540857e45ef7f2859dc8e7654ddabc3a13, 1545994999, 2000f9e4
824, scrypt, 0012c8fee6c5a794f736f39414b4b73a858fe8f24bbeb857421f76b42e60b0a6, 1545995014, 2000ed6a
825, scrypt, 00b12a68442c374930a0e33d22118524c35a3674490ec34f674ecc7d4784bf87, 1545995019, 2000e16e
826, skein, 00b47696594d95dc27afaa2b2d4bf8b098b741188a295356efc1f1622faa4a24, 1545995029, 2000d5d6
827, lyra2rev2, 0080da6cffd5dbf3f0f4ade42562503743a89760e514a489f434910b778be5ca, 1545995044, 200106c0
828, lyra2rev2, 0037906e92dd3a04d022434c76c953a738b87d8f78aea21d9f9fa16104a0b01e, 1545995049, 20014126
829, skein, 00f390a88748976d91d2800cb19a9daaf59085fe19cb621cb765bfed32e05a0e, 1545995055, 20012feb
830, cryptonight7v2, 00edf02a515e892e21f953dbf0141e59c6f00266770e87e6c9a1e41d2242114a, 1545995059, 20013f37
831, cryptonight7v2, 000d3eeea7f8358f7136854f56a24944a86605f22d14542615e07b951fe1f402, 1545995064, 20014c54
832, keccak, 013370e6abfa58756224afa62aae1d506be4d2a8bf92a7545d832a74ff4b8e5e, 1545995074, 20013990
833, skein, 002e102c8783a1cb063715b46d87d125965c5ae25f8af46194f07523c863c1a2, 1545995078, 200127a0
834, skein, 00f8be42cd07aea4176355405775f9f13afd4c668bfd84eac83ed39a45510613, 1545995089, 2001166d
835, skein, 008b3b530ed765bd0f05466e85de8ce3feab4f4baa099df77d8f0478d2219c33, 1545995090, 20010609
836, cryptonight7v2, 00f8a75da12d9b9278ee98da705d0d666504ea26cd205a120959cd5bfe906dab, 1545995104, 20010c97
837, cryptonight7v2, 0050eba85ec9ce9a5f31339a1306049b941a19101cb168ea44c46c90096682db, 1545995119, 20011018
838, cryptonight7v2, 001b6546a0010324880a11dc7399ad9a6e29b36b953b048ccfe1428b27fab664, 1545995125, 2001105e
839, skein, 00e2406576dc5da2c7cdd3a6fb2c613737638d87e41108b66581a36d486083a2, 1545995134, 2000ff80
840, scrypt, 001d8986fd869fbef5d68275be9ec89b114a929e714ede3ae702c408a0c4378a, 1545995149, 2000ef7b
841, stribog, 004ba93f7c8a151f499890d5225e4559eae4035b05a0ecea5711143f1152ea60, 1545995179, 2000e057
842, keccak, 0019de56785f5cb7b7cd5f4cf68adf14dc10d42c681645350b2a93a16427553f, 1545995209, 2000d22d
843, sha256d, 0087c9eab6d34049921b942002626542e646dcd06c9a579927bf5f1cca1444e9, 1545995224, 2000c4ec
844, lyra2rev2, 006116581da2e17b82735b0c39fd736579a6caef9f8d911719a2b736065bde78, 1545995239, 2000eb2b
845, blake14lr, 010944a8a44d625d3a18b5c76291681bf5305d31cf2b15ce840005b62b4e9ac7, 1545995254, 20011235
846, skein, 000aae8c91451c8128088f68027d612f0ae6c19fc415f600cbe9109c7a24f785, 1545995269, 2001007d
847, skein, 0046c6c5a75c77bca271a6ac76052ca4c6115843f9c48e388ce6f0c2b254a5e5, 1545995271, 2000efc8
848, x11, 0027a5a8a067a9ffe022d77626b8b0fa20aa8760a174218991600a8bcbf4f1dc, 1545995284, 2000dfeb
849, x11, 003430bc88df76e7cef08614058e024bbbce91e2ef800d2ac2d9ecd710942b81, 1545995299, 2000d0f8
850, sha256d, 008a8cb823fe1ceb4596d0f056647542352ef968183d2041776ab544d14f566b, 1545995314, 2000c2ea
851, sha256d, 007d995e8c808be17af3ea383645eaa39dd18e66138b01e0b5d5983884032b10, 1545995329, 2000b5b4
852, sha256d, 009cd9f4654112a3021cc4aff6c30bee115b2e8c09bb6259081fe14bdaf5d6cb, 1545995333, 2000a94c
853, x11, 006035e83bd4e7818b11b554283aa765bfb71d4ec6736ec2e6653a9f40c6e7b3, 1545995344, 20009d94
854, skein, 0066ae1826d85d42ea95714678eb492e8de8c7899109a50eacc086638367f628, 1545995374, 20009291
855, x11, 0018273c21fefc0fe9031529fd712438705fd6f129d2e249a9b4638d2c72eb11, 1545995389, 20008856
856, x11, 002e8d71b39f7a6a70dde017f18a1b127f0bd01a816d0ba43ef3a19266ca73cd, 1545995391, 1f7ec081
857, skein, 0036198cfa99887413ea3058b649cc7a9271a1448295a01ff1d7e9e1ed24a107, 1545995404, 1f75b6ba
858, keccak, 0044fedc90236706daec2a08afa6212ca54d3df22ce301bf61b8f7523f9f1f7c, 1545995419, 1f6d407f
859, x11, 0060828382123bae0143750fbdf08c7182b2deebfcdd7d28019cc92de8e2f3d8, 1545995494, 1f655804
860, scrypt, 003ff592e5a4ec8b361c43058ab0aa6c7bb3c1bbe2b51b6915018d970c372cda, 1545995509, 1f5e319f
861, skein, 001893ee33febb4b72738b77e0a2a1e18edcce11691277dbe9ed7f444d673fe7, 1545995524, 1f57804f
862, blake14lr, 006383316ef2504f804c42f180f5fccc5c10bc0c858a7051fe6fdf66cddf1dfd, 1545995539, 1f657eba
863, scrypt, 004068b82a5f1e318e300ff1c6de32d15b456a376d6eeec4f15c17cfd6d8030f, 1545995584, 1f5e2eb9
864, sha256d, 001fca8d9ae280432c52f89655c70f49eb9427ac8b80efec1f51ccaef5ae3907, 1545995599, 1f577597
865, lyra2rev2, 003e1f95d542eeea882b1496303cdabdea744217a06c6b5665043966457d454b, 1545995629, 1f66a4cf
866, skein, 00529711c9ef8c86e2873b4ef225786c45869ef0132e3c19a552474e3d685d46, 1545995674, 1f5f4630
867, sha256d, 002d90d91aff03f6f86abde6e80d05fe7aee70332ad25e94b2c28d1836a229c9, 1545995689, 1f587f25
868, scrypt, 0020c49ea436c8ed449258b7a5acda26b323d8b91752d8813ba9e5720217f55a, 1545995704, 1f52284f
869, scrypt, 00389c02e3dd590b4aa834fd5454fcbc46515eecc9d97d69d0d22539866cb6be, 1545995711, 1f4c3b54
870, lyra2rev2, 002d601c8b543ef8863e8be909af2968d02a8bebb0887c7c25ba6740f67dd3c8, 1545995734, 1f595c5f
871, sha256d, 0027d178f309451cb8584059359fb6ab6e3272bfd413529cf5c84e00a3d4d3ef, 1545995749, 1f52d3dc
872, keccak, 003aac06541621ba614b9650d210607ee73ddd77e5800f2d8657032427d12237, 1545995779, 1f4cbb39
873, blake14lr, 000f7e02b76bf36a7e78263a00b715f0fed502a678e35964361d9e84836e0f02, 1545995809, 1f58c97a
874, sha256d, 00284a821b22d9a137defaf99a4e49a07aa1476ede5a3e78361c9b0731ff9f2e, 1545995854, 1f524463
875, blake14lr, 003fecbe173b86f051bca01e550ae7f0eadcf1350446c64458f545d7b3080b33, 1545995869, 1f5f04d3
876, scrypt, 005324e9cfd6eba6d8ad201ea3555643a52331204a04fd21de33c0b61727dba7, 1545995884, 1f580eac
877, scrypt, 000818beb3b6afef85c341755d401ddbd803eaec5415efad4ca3c1d424134617, 1545995890, 1f519018
878, blake14lr, 000a182a117d16d772e9b66f0bb388d2bb818fcf94cb3325efbfabcc28467366, 1545995914, 1f5d2970
879, blake14lr, 0022e79de38d97731f6188ad7e7aded2cdbd1961c73011ae2e2ac055e3c5c4c8, 1545995929, 1f69298d
880, stribog, 000bb4b335e023cb7bbb37f4e053f009984829da5898977eccd7c8dba49bf319, 1545995944, 1f6140d0
881, x11, 0058aa2d4d892d9aeaba1873f8e20cb4873e593044189c4f1bfb2befdb9a145a, 1545995959, 1f59e452
882, blake14lr, 00187a137b87b33f959927fd4124cc6454d2b90b1d466150a1d947f3871a65f3, 1545995975, 1f640ca2
883, stribog, 001b3b605a2e4bd31307e4c0c3c089d9fbc5f09ea48d83d33b5feacbb481c415, 1545995989, 1f5c6241
884, cryptonight7v2, 00508359f49ac2e800e751880bbe0971785e8900b0506222b4ed72201572528c, 1545996049, 1f5541fc
885, lyra2rev2, 000a9b79a25d150aba4fccf6efd864aa870667e3ccc587f6ae7dfbf64de8e056, 1545996064, 1f62f01e
886, skein, 000eca12eb90eb0c671509bd914431a5a294f8c1e5deb227613cfbed7d44385b, 1545996109, 1f5b612b
887, sha256d, 001429b9e637a8481bb8bc16365a4422cc77550d846a518dc40b6591032063eb, 1545996124, 1f547547
888, blake14lr, 0050fc7c5c8e660ac338d9544429a258888a2394a090dfc3e473e783f969cfbe, 1545996139, 1f5ce6d5
889, x11, 00069796cd1ccc6f48188c4876273de109cddbfef047ba6a7b426e5786632d85, 1545996154, 1f55c6ad
890, scrypt, 0002e315bdf6552b787439f21f45698cce1b47ea292cb7dbc6a8e9e9f38b72c3, 1545996169, 1f4f27f7
891, stribog, 0046c12e64b149cd010614aa36a286d0231466777e2ff8c33f44aff23f191723, 1545996184, 1f490269
892, sha256d, 002580e77941c7121b70d41b9ce4abb38cb4e42e591cc8c31852dbc7757780dd, 1545996199, 1f434e2d
893, x11, 0017cab57e8a8c73bda2e6b5080ff33b181d2789ce800ec8828630c7dd8ec04c, 1545996229, 1f3e03de
894, skein, 00318180b4259b34eb193bd985ccd99cb760eab50ddba3d42b31ddb5a6d0509b, 1545996259, 1f392568
895, lyra2rev2, 00295efcab5a73350d71dce77e2531128318d4bbd618861f96705cfe4f4fd26f, 1545996289, 1f41f53e
896, keccak, 0026e8ab3d14cf811fcce354e49d49a0c843884121538f427402ca1bd1ced76f, 1545996364, 1f3cca80
897, stribog, 000f24f60fc645d49eeb9c629ba3704df6c9e539b1aaaee721452f14d63f3f8e, 1545996394, 1f3822d2
898, sha256d, 00078813a643ff5c0ee7eda4f61a49fbd5b86e34b140b68023e5c181fc742a85, 1545996439, 1f33d79f
899, lyra2rev2, 0003b6180428c5d6ab914d8350b29bec7defd5e77951d65ea3771cf180a04fa7, 1545996544, 1f3bcab3
900, sha256d, 000468ce520ce92eb9eb9310f8709237c1d954fc653808680b6830bfb5339318, 1545996559, 1f376da9
901, keccak, 001c6a42cae1e3e844afdf07ebbd3740e4eb21b22e6f2dc330b93dbbbda69615, 1545996634, 1f335b66
902, lyra2rev2, 001ed62e6b1cb365a5f3301cbde8a34da72491aa73ccbbe2b2e83bde071265a9, 1545996724, 1f3b488e
903, blake14lr, 0000446c467cbbef7feeb0f2a8827c0c7abb6b2d41682fa16577aa88086615df, 1545996829, 1f413194
904, blake14lr, 0033c851c7b960af552ae8f35522d87794eb7284e878de3b631e883f1c1fe8e4, 1545996844, 1f489b50
905, scrypt, 0014864b9df6b78ef9c5190f929c6ee7ee6ccc82c937818574938890299e9b69, 1545996859, 1f43bd4c
906, scrypt, 001ace30a1ae6f0b71a87c3cbfe2acbd6251c80904e01d818d03a663893913b9, 1545996904, 1f3f2a80
907, cryptonight7v2, 0013065f7bdbe371be3fcfcd2cbc8afe2e64839c45752494ca2b1f9f4cb1bede, 1545996934, 1f3f2ae3
908, lyra2rev2, 0048e1a471f8a9ba3b61937554cb85f46ef0c4a48cae4315c76fa1d96e8ce576, 1545996979, 1f48e695
909, scrypt, 000599cf995e01dc11c61b52f18c9955e11d18a4289ad90691198a5db87fb5ab, 1545996994, 1f441353
910, cryptonight7v2, 00287557631845e78ad90bd825b80df1ce713bfed4b5f2eb701177147d56c03e, 1545997054, 1f45c632
911, lyra2rev2, 004013f54d2aeeecdd75a7535d00f10b73a36c7fa0896dcce42f9980ed6eedb7, 1545997069, 1f5053f6
912, sha256d, 0028694ad06348a7d3c9b1c3a20864a5d9bc885eac2ab5d869c2bb3fa7f18fd0, 1545997114, 1f4b0757
913, sha256d, 000bd0e0fbe57ed3f1784c8bb31935f4c34429e3e23dea1ec612957a1dc7123c, 1545997189, 1f462026
914, x11, 003affbaefa6f0d24a42308495cdfb39efde5e11977d0465a998e48b0e718ef1, 1545997219, 1f41a9cc
915, skein, 000e66bf1a3d52fcf8694dbca4c266be4cb2c903d7368be60940a93629dab65c, 1545997279, 1f3d7d4f
916, cryptonight7v2, 0034cdc8c89dc385b1721b39effa20999fe5580234320df1faad09b2489c731e, 1545997309, 1f3f5945
917, scrypt, 000a49408ff11bd234cd44287617ad962b4b0b1782d3c531f95faa4493119804, 1545997384, 1f3b666c
918, scrypt, 000b07f6d79b0c943aae17a80f949e71572787ca49c6c06960b0bb03edcc240f, 1545997399, 1f37cc84
919, blake14lr, 0033def924ee02d9027f142d3d1107f758cf9d5576223a65b06b83155dcf8b01, 1545997429, 1f3e2a61
920, stribog, 003a3a752a207dbd937ed6e09c00054c0f5843d22adfd6834e9a38cf9d716e16, 1545997474, 1f3a5efd
921, cryptonight7v2, 0015620cc709d61c94ea375788e55d28d2487cfcf493bd839550167ff61fb5f7, 1545997489, 1f3c15f9
922, blake14lr, 003e99daaeb39074d450da7117ae960f8f67993142ece94c02c6b86e6adc8400, 1545997504, 1f43469d
923, lyra2rev2, 000c1e95a8606d44edafe4f8ff53fa9737791869534c450d8ce5d36535846966, 1545997534, 1f4d2dc4
924, cryptonight7v2, 0000ccb70de93082ff036932d77f21ac94df059a54f7f383cae2b2ce4a9f1103, 1545997564, 1f4f1300
925, scrypt, 0015598d2874ad5ce517abc91896d408732b602d2323ef2b6e6409f528975a62, 1545997579, 1f4a3b20
926, scrypt, 0031e446993c4ea3b8d8e250a897b7e584ff997cd4dad3267b64a4acd346b8c5, 1545997584, 1f45a62b
927, sha256d, 00102fa680a30e6f343c7848534dcea392d0362a47c908aa91d335c11831b43c, 1545997594, 1f414abd
928, skein, 0034c262b69121983679bfe2bb811a66d18669853814e96458858604a50784ce, 1545997624, 1f3d2a2f
929, cryptonight7v2, 00180d1bbfa7f85628b3d9b02bd506d7fb8386592d028ca87c6ff710698d5fe3, 1545997669, 1f3e1516
930, scrypt, 002972830440e17976f006fc2c0061a76b7c00b25302268047a5efba93b02ea8, 1545997684, 1f3a3332
931, cryptonight7v2, 0018b4ebeb1adfff106ac1267aaca3643aefd3c06ef63a8395f9b5f782c73e22, 1545997699, 1f3aa48d
932, keccak, 001ca4643d40fed06842c65a2de1f827b963d6ab120a1ec04ff9553570fcabb7, 1545997714, 1f36eb9a
933, stribog, 0000623c5c5dbbff0b9d8056dce44eea6b2fe9108e15580ccd439cf36eb406b7, 1545997759, 1f33688d
934, keccak, 0025e3edc11985eb5a880ae128221ae87c30c7d3ca15b19e94f336ce54b7a83d, 1545997774, 1f3026f4
935, lyra2rev2, 000a611479d8291aafa6e162e381de64499cb23c4cc9d1106d0e2bcf846792a3, 1545997804, 1f372f98
936, lyra2rev2, 00175193c850fac12ce12560c054d80c7f5dcf9832e6f4506e70a3b416da9023, 1545997864, 1f3f391d
937, skein, 001b2fc9e0f3455c8e7811622ba478c7866dda388523d5f2e5f3b63b0776f303, 1545997894, 1f3b43e2
938, stribog, 00021009020a2573f40ee528202c0c585196b28fb74c2e8f9b0cc4be76dad288, 1545997909, 1f378f19
939, keccak, 000bf0315462136dcfefbd3c0e103d90b75792834628fbb3db04821d568f971e, 1545997954, 1f340f01
940, sha256d, 000577b1df478723b08d09b0c09a410d630f6c94c1bd60b58431e3ee50953a1b, 1545998014, 1f30cf5e
941, stribog, 00241b7f2e91bea32ddd8d8c9b86214e128b96b60cf7df21dc5c74816652f787, 1545998104, 1f2dd1c3
942, sha256d, 001321edc4d9096fa732bdaaddaa32e671e91765910ff76ca11acf5817be1a52, 1545998149, 1f2b1cca
943, sha256d, 000c5d78f682a5a3b4fe51e6f44b24b46db1b596a5f19605afd58c98139010ea, 1545998164, 1f289750
944, blake14lr, 002254b6e8fe6474d07d485ffcf885a18812c00c925761f5c6a4b7af7c7c2c8d, 1545998209, 1f2d5566
945, scrypt, 00247c0ca55e258f2ef4acc511aff6c2a2a8087201a81c776ffaf46869bac539, 1545998374, 1f2ab01b
946, stribog, 001b67ac6b15d829e4b9514d00c929d58f4a760a9cc890a89f6cf82634d43cdc, 1545998389, 1f28671c
947, sha256d, 0010128672d98fe065fb87c9621a40df7454fba39ea69ce57a1d504f50ace7f3, 1545998404, 1f26388b
948, skein, 001d7e3dfaebbf02f1d5042adeefd06627359857128bbc2d7063c3dd6c2319da, 1545998479, 1f242387
949, stribog, 001cd4ee23e5156cc935d762fe796a076d6605f52f3a0b4a7ad8ac1eb95c57fd, 1545998494, 1f223abc
950, keccak, 000c601c21c6db5f0bad153c34320fa750cd96d3b228d64278f4922c73964e75, 1545998554, 1f2067a2
951, scrypt, 001b124fdc57e958304157742181fe2affe3ae24d5611e2a89dce9c6a0db868a, 1545998629, 1f1eb6a3
952, sha256d, 0002fc31573e6343dd7bf952241cbc426c03b444af86fcdd930ff87312680ab8, 1545998659, 1f1d2917
